bom_for_sku,product_name,version,dangling_material,qty,cat_snapshot
6955631308671,成品-hellokitty,v1,1.05.03,1.0000,
6955631309340,Hello kitty,v1,2.LJ.308,1.0000,
6955631309340,Hello kitty,v1,3.BZ.12,1.0000,
6955631309340,Hello kitty,v1,3.QT.140,1.0000,
6955631310131,hellokitty,v1,1.05.31,1.0000,
6955631310551,抱抱熊-,v1,2.LJ.348,1.0000,
6955631310551,抱抱熊-,v1,3.JD.11,1.0000,
6955631311251,成人款-CN 0002,v1,2.LJ.506,1.0000,
6955631311251,成人款-CN 0002,v1,3.JD.114,1.0000,
6955631311282,-儿童款-CN 0003,v1,2.LJ.507,1.0000,
6955631311282,-儿童款-CN 0003,v1,3.JD.114,1.0000,
6955631311503,hello kitty-KT,v1,BP-LJ-073,1.0000,
6955631311503,hello kitty-KT,v1,YL-BZ-024,1.0000,
6955631311503,hello kitty-KT,v1,YL-GZ-025,1.0000,
6955631312098,KU-酷洛米,v1,BP-LJ-075,1.0000,
6955631312098,KU-酷洛米,v1,YL-BZ-023,1.0000,
6955631312098,KU-酷洛米,v1,YL-GZ-028,1.0000,
6955631312135,CN,v1,2.LJ.442,1.0000,
6955631312135,CN,v1,3.BZ.207,1.0000,
6955631312135,CN,v1,3.GS.13,1.0000,
6955631312135,CN,v1,3.JD.36,1.0000,
6955631312142,KT,v1,2.LJ.441,1.0000,
6955631312142,KT,v1,3.BZ.206,1.0000,
6955631312142,KT,v1,3.JD.116,1.0000,
6955631312142,KT,v1,3.QT.140,1.0000,
6955631312159,KU,v1,2.LJ.443,1.0000,
6955631312159,KU,v1,3.BZ.208,1.0000,
6955631312159,KU,v1,3.GS.19,1.0000,
6955631312159,KU,v1,3.JD.62,1.0000,
6955631312371,-坐姿KU,v1,2.LJ.536,1.0000,
6955631312371,-坐姿KU,v1,3.BZ.355,1.0000,
6955631312388,CN爱你(常规款)-大耳狗,v1,2.LJ.471,1.0000,
6955631312388,CN爱你(常规款)-大耳狗,v1,3.BZ.210,1.0000,
6955631312586,CN,v1,2.LJ.500,1.0000,
6955631312609,KU,v1,2.LJ.501,1.0000,
6955631313262,-成人款-KU,v1,2.LJ.475,1.0000,
6955631313262,-成人款-KU,v1,3.JD.88,1.0000,
6955631313279,-儿童款-KU,v1,2.LJ.476,1.0000,
6955631313279,-儿童款-KU,v1,3.JD.88,1.0000,
6955631313590,-KU,v1,2.LJ.493,1.0000,
6955631313590,-KU,v1,3.BZ.333,1.0000,
6955631313590,-KU,v1,3.JD.94,1.0000,
6955631313712,-紫色成人款,v1,1.10.238,1.0000,
6955631313729,-紫色儿童款,v1,1.10.237,1.0000,
6955631313989,-CN,v1,2.LJ.514,1.0000,
6955631313989,-CN,v1,3.BZ.344,1.0000,
6955631313996,-KU,v1,2.LJ.515,1.0000,
6955631313996,-KU,v1,3.BZ.345,1.0000,
6955631314009,-KU,v1,2.LJ.508,1.0000,
6955631314009,-KU,v1,3.GS.19,1.0000,
6955631314009,-KU,v1,3.JD.62,1.0000,
6955631314016,-CN,v1,2.LJ.522,1.0000,
6955631314016,-CN,v1,3.GS.13,1.0000,
6955631314016,-CN,v1,3.JD.36,1.0000,
6955631314221,-CN奶油款,v1,2.LJ.548,1.0000,
6955631314221,-CN奶油款,v1,3.BZ.356,1.0000,
6955631314238,-KU奶油款,v1,2.LJ.482,1.0000,
6955631314238,-KU奶油款,v1,3.BZ.327,1.0000,
6955631314252,-粉紫款KU,v1,BP-LJ-074,1.0000,
6955631314252,-粉紫款KU,v1,YL-BZ-025,1.0000,
6955631314252,-粉紫款KU,v1,YL-GZ-026,1.0000,
6955631314382,-KU,v1,2.LJ.537,1.0000,
6955631314382,-KU,v1,3.JD.149,1.0000,
6955631314382,-KU,v1,3.JD.152,1.0000,
6955631314528,-蛋糕崽,v1,2.LJ.535,1.0000,
6955631314528,-蛋糕崽,v1,3.BZ.357,1.0000,
6955631314528,-蛋糕崽,v1,3.JD.148,1.0000,
6955631314580,-大耳狗,v1,2.LJ.549,1.0000,
6955631314580,-大耳狗,v1,3.BZ.358,1.0000,
6955631314580,-大耳狗,v1,3.JD.150,1.0000,
6955631314597,-酷洛米,v1,2.LJ.550,1.0000,
6955631314597,-酷洛米,v1,3.BZ.359,1.0000,
6955631314597,-酷洛米,v1,3.JD.151,1.0000,
6955631314603,-酷洛米款,v1,1.10.246,1.0000,
6955631314610,-大耳狗款,v1,1.10.265,1.0000,
6955631314627,-KU双唛,v1,2.LJ.554,1.0000,
6955631314627,-KU双唛,v1,3.JD.149,2.0000,
6955631314627,-KU双唛,v1,3.JD.152,1.0000,
6955631314726,-KT,v1,2.LJ.557,1.0000,
6955631314726,-KT,v1,3.BZ.402,1.0000,
6955631314726,-KT,v1,3.JD.160,1.0000,
6955631314726,-KT,v1,3.JD.161,1.0000,
6955631314733,-KU,v1,2.LJ.552,1.0000,
6955631314733,-KU,v1,3.BZ.401,1.0000,
6955631314733,-KU,v1,3.JD.153,1.0000,
6955631314733,-KU,v1,3.JD.178,1.0000,
6955631314931,-CN,v1,2.LJ.422,1.0000,
6955631314931,-CN,v1,3.BZ.116,1.0000,
6955631314931,-CN,v1,3.JD.54,1.0000,
6955631314955,-KT,v1,2.LJ.564,1.0000,
6955631314955,-KT,v1,3.BZ.403,1.0000,
6955631314955,-KT,v1,3.JD.174,1.0000,
6955631315082,-双麦-KU,v1,2.LJ.578,1.0000,
6955631315082,-双麦-KU,v1,3.BZ.401,1.0000,
6955631315082,-双麦-KU,v1,3.JD.153,1.0000,
6955631315082,-双麦-KU,v1,3.JD.178,2.0000,
6955631315105,-HG,v1,2.LJ.574,1.0000,
6955631315105,-HG,v1,3.BZ.406,1.0000,
6955631315167,-KT,v1,2.LJ.575,1.0000,
6955631315198,-KU,v1,2.LJ.580,1.0000,
6955631315198,-KU,v1,3.BZ.73,1.0000,
6955631315198,-KU,v1,3.GS.19,1.0000,
6955631315198,-KU,v1,3.JD.121,1.0000,
6955631315334,-MM,v1,2.LJ.576,1.0000,
6955631315334,-MM,v1,3.BZ.407,1.0000,
6955631315396,-单麦,v1,2.LJ.587,1.0000,
6955631315396,-单麦,v1,3.GS.28,1.0000,
6955631315396,-单麦,v1,3.QT.209,1.0000,
6955631315396,-单麦,v1,3.QT.210,1.0000,
6955631315396,-单麦,v1,3.QT.211,1.0000,
6955631315396,-单麦,v1,3.QT.212,1.0000,
6955631315402,-双麦,v1,2.LJ.588,2.0000,
6955631315402,-双麦,v1,3.GS.28,1.0000,
6955631315402,-双麦,v1,3.QT.209,1.0000,
6955631315402,-双麦,v1,3.QT.210,2.0000,
6955631315402,-双麦,v1,3.QT.211,2.0000,
6955631315402,-双麦,v1,3.QT.212,1.0000,
6955631315563,-MM,v1,2.LJ.591,1.0000,
6955631315563,-MM,v1,3.JD.194,1.0000,
6955631315624,-爱心发声款,v1,2.LJ.598,1.0000,
6955631315624,-爱心发声款,v1,3.BZ.210,1.0000,
6955631315655,-MM单唛,v1,2.LJ.592,1.0000,
6955631315655,-MM单唛,v1,3.JD.195,1.0000,
6955631315655,-MM单唛,v1,3.JD.196,1.0000,
6955631315662,-MM双唛,v1,2.LJ.593,1.0000,
6955631315662,-MM双唛,v1,3.JD.195,1.0000,
6955631315662,-MM双唛,v1,3.JD.196,1.0000,
6955631315709,-KU,v1,2.LJ.597,1.0000,
6955631315709,-KU,v1,3.BZ.123,1.0000,
6955631315709,-KU,v1,3.YSTZ.18,1.0000,
6955631315747,A2112 亿觅小蓓蕾充电台灯--KT,v1,2.LJ.599,1.0000,
6955631315747,A2112 亿觅小蓓蕾充电台灯--KT,v1,3.JD.197,1.0000,
6955631315938,-MM(单唛),v1,2.LJ.600,1.0000,
6955631315938,-MM(单唛),v1,3.JD.198,1.0000,
6955631315938,-MM(单唛),v1,3.JD.199,1.0000,
6955631315938,-MM(单唛),v1,3.QT.214,1.0000,
6955631315945,-MM(双唛),v1,2.LJ.601,1.0000,
6955631315945,-MM(双唛),v1,3.JD.198,1.0000,
6955631315945,-MM(双唛),v1,3.JD.199,1.0000,
6955631315945,-MM(双唛),v1,3.QT.214,1.0000,
6955631315952,,v1,2.LJ.602,1.0000,
6955631315952,,v1,3.BZ.416,1.0000,
6955631315952,,v1,3.JD.200,1.0000,
6955631315952,,v1,3.QT.140,1.0000,
6955631315969,-Hello Kitty,v1,2.LJ.603,1.0000,
6955631315976,-Kitty,v1,2.LJ.604,1.0000,
6955631315976,-Kitty,v1,3.BZ.418,1.0000,
6955631315976,-Kitty,v1,3.JD.201,1.0000,
6955631315976,-Kitty,v1,3.JD.202,1.0000,
6955631315983,-Kitty,v1,2.LJ.604,1.0000,
6955631315983,-Kitty,v1,2.LJ.605,1.0000,
6955631315983,-Kitty,v1,3.BZ.419,1.0000,
6955631315983,-Kitty,v1,3.JD.201,1.0000,
6955631315983,-Kitty,v1,3.JD.202,1.0000,
6955631315983,-Kitty,v1,3.JD.203,1.0000,
6955631315983,-Kitty,v1,3.RBD.05,1.0000,
6955631316003,,v1,2.LJ.606,1.0000,
6955631316003,,v1,3.JD.204,1.0000,
6955631316010,,v1,2.LJ.607,1.0000,
6955631316027,大耳狗,v1,2.LJ.608,1.0000,
6955631316027,大耳狗,v1,3.BZ.420,1.0000,
6955631316034,黄色,v1,3.SMS.17,1.0000,
6955631316041,蓝色,v1,3.QT.218,1.0000,
6955631316041,蓝色,v1,3.SMS.18,1.0000,
6955631316072,-单唛KU,v1,2.LJ.609,1.0000,
6955631316072,-单唛KU,v1,3.JD.205,1.0000,
6955631316072,-单唛KU,v1,3.JD.206,1.0000,
6955631316072,-单唛KU,v1,3.QT.219,1.0000,
6955631316089,-双唛KU,v1,2.LJ.610,1.0000,
6955631316089,-双唛KU,v1,3.JD.205,1.0000,
6955631316089,-双唛KU,v1,3.JD.206,2.0000,
6955631316089,-双唛KU,v1,3.QT.219,1.0000,
6955631316096,KT单唛,v1,2.LJ.611,1.0000,
6955631316096,KT单唛,v1,3.JD.210,1.0000,
6955631316096,KT单唛,v1,3.JD.211,1.0000,
6955631316096,KT单唛,v1,3.JD.212,1.0000,
6955631316102,KT双唛,v1,2.LJ.612,1.0000,
6955631316102,KT双唛,v1,3.JD.210,1.0000,
6955631316102,KT双唛,v1,3.JD.211,1.0000,
6955631316102,KT双唛,v1,3.JD.212,1.0000,
6955631316119,KU单唛,v1,2.LJ.613,1.0000,
6955631316119,KU单唛,v1,3.JD.213,1.0000,
6955631316119,KU单唛,v1,3.JD.214,1.0000,
6955631316119,KU单唛,v1,3.JD.215,1.0000,
6955631316126,KU双唛,v1,2.LJ.614,1.0000,
6955631316126,KU双唛,v1,3.JD.213,1.0000,
6955631316126,KU双唛,v1,3.JD.214,1.0000,
6955631316126,KU双唛,v1,3.JD.215,1.0000,
6955631316133,,v1,2.LJ.615,1.0000,
6955631316133,,v1,3.JD.216,1.0000,
6955631316140,,v1,2.LJ.616,1.0000,
6955631316140,,v1,3.JD.218,1.0000,
6955631316140,,v1,3.QT.220,1.0000,
6955631316157,,v1,2.LJ.617,1.0000,
6955631316157,,v1,3.JD.217,1.0000,
6955631316157,,v1,3.QT.221,1.0000,
6955631316171,KT,v1,2.LJ.607,1.0000,
6955631316171,KT,v1,3.BZ.421,1.0000,
6955631316171,KT,v1,3.GS.31,1.0000,
6955631316171,KT,v1,3.GS.32,1.0000,
6955631316171,KT,v1,3.JD.219,1.0000,
6955631316171,KT,v1,3.JD.220,1.0000,
6955631316171,KT,v1,3.JD.221,1.0000,
6955631316171,KT,v1,3.QT.222,1.0000,
6955631316188,Kitty,v1,2.LJ.618,1.0000,
6955631316188,Kitty,v1,3.BZ.422,1.0000,
6955631316256,-Kitty,v1,BP-LJ-049,1.0000,
6955631316256,-Kitty,v1,YL-GZ-027,1.0000,
EM20250714,,v1,3.GS.29,1.0000,
EM20250714,,v1,3.QT.216,1.0000,
EM20250714,,v1,3.QT.217,1.0000,
EM20250714,,v1,3.SNH.04,1.0000,
EM20250716,翻转相机广角镜头,v1,3.QT.215,1.0000,
EMIE20220620001,,v1,3.QT.168,1.0000,
EMIE2025101301,福气满满铭牌,v1,3.JD.207,1.0000,
EMIE2025101302,平安喜乐铭牌,v1,3.JD.208,1.0000,
EMIE2025101303,红双喜铭牌,v1,3.JD.209,1.0000,
