jst_sku_id,skuCode,skuName,category,brand,item_type,format_type
6955631310452,6955631310452,"",成品 - 成品,EMIE,finished_good,13-digit
6955631311190,6955631311190,"",成品 - 成品,EMIE,finished_good,13-digit
6973829916798,6973829916798,"",成品 - 成品,EMIE,finished_good,13-digit
6955631316157,6955631316157,"",成品 - 成品,EMIE,finished_good,13-digit
6955631316133,6955631316133,"",成品 - 成品,EMIE,finished_good,13-digit
6955631316003,6955631316003,"",成品 - 成品,EMIE,finished_good,13-digit
6955631316010,6955631316010,"",成品 - 成品,EMIE,finished_good,13-digit
6955631316140,6955631316140,"",成品 - 成品,EMIE,finished_good,13-digit
6955631310766,6955631310766,"",成品 - 成品,EMIE,finished_good,13-digit
6955631310759,6955631310759,"",成品 - 成品,EMIE,finished_good,13-digit
6955631310025,6955631310025,"",成品 - 成品,EMIE,finished_good,13-digit
6955631315952,6955631315952,"",成品 - 成品,EMIE,finished_good,13-digit
6946692407663,6946692407663,"",成品 - 成品,EMIE,finished_good,13-digit
6955631308305,6955631308305,"",成品 - 成品,EMIE,finished_good,13-digit
6955631314931,6955631314931,-CN,成品 - 成品,EMIE,finished_good,13-digit
6955631313194,6955631313194,-CN,成品 - 成品,EMIE,finished_good,13-digit
6955631315587,6955631315587,-CN,成品 - 成品,EMIE,finished_good,13-digit
6955631313989,6955631313989,-CN,成品 - 成品,EMIE,finished_good,13-digit
6955631315211,6955631315211,-CN,成品 - 成品,EMIE,finished_good,13-digit
6955631313163,6955631313163,-CN,成品 - 成品,EMIE,finished_good,13-digit
6955631313286,6955631313286,-CN,成品 - 成品,EMIE,finished_good,13-digit
6955631314016,6955631314016,-CN,成品 - 成品,EMIE,finished_good,13-digit
6955631314221,6955631314221,-CN奶油款,成品 - 成品,EMIE,finished_good,13-digit
6955631313613,6955631313613,-CN帽子款,成品 - 成品,EMIE,finished_good,13-digit
6955631314474,6955631314474,-Emma秘境森林茶会系列,成品 - 成品,EMIE,finished_good,13-digit
6955631315105,6955631315105,-HG,成品 - 成品,EMIE,finished_good,13-digit
6955631315969,6955631315969,-Hello Kitty,成品 - 成品,EMIE,finished_good,13-digit
6955631313170,6955631313170,-KT,成品 - 成品,EMIE,finished_good,13-digit
6955631315167,6955631315167,-KT,成品 - 成品,EMIE,finished_good,13-digit
6955631315204,6955631315204,-KT,成品 - 成品,EMIE,finished_good,13-digit
6955631314955,6955631314955,-KT,成品 - 成品,EMIE,finished_good,13-digit
6955631314726,6955631314726,-KT,成品 - 成品,EMIE,finished_good,13-digit
6955631314023,6955631314023,-KT,成品 - 成品,EMIE,finished_good,13-digit
6955631313323,6955631313323,-KT,成品 - 成品,EMIE,finished_good,13-digit
6955631315020,6955631315020,-KU,成品 - 成品,EMIE,finished_good,13-digit
6955631313156,6955631313156,-KU,成品 - 成品,EMIE,finished_good,13-digit
6955631315228,6955631315228,-KU,成品 - 成品,EMIE,finished_good,13-digit
6955631313590,6955631313590,-KU,成品 - 成品,EMIE,finished_good,13-digit
6955631313996,6955631313996,-KU,成品 - 成品,EMIE,finished_good,13-digit
6955631314733,6955631314733,-KU,成品 - 成品,EMIE,finished_good,13-digit
6955631313200,6955631313200,-KU,成品 - 成品,EMIE,finished_good,13-digit
6955631313125,6955631313125,-KU,成品 - 成品,EMIE,finished_good,13-digit
6955631315419,6955631315419,-KU,成品 - 成品,EMIE,finished_good,13-digit
6955631314382,6955631314382,-KU,成品 - 成品,EMIE,finished_good,13-digit
6955631314009,6955631314009,-KU,成品 - 成品,EMIE,finished_good,13-digit
6955631314245,6955631314245,-KU,成品 - 成品,EMIE,finished_good,13-digit
6955631314078,6955631314078,-KU,成品 - 成品,EMIE,finished_good,13-digit
6955631314368,6955631314368,-KU,成品 - 成品,EMIE,finished_good,13-digit
6955631315266,6955631315266,-KU,成品 - 成品,EMIE,finished_good,13-digit
6955631315709,6955631315709,-KU,成品 - 成品,EMIE,finished_good,13-digit
6955631315198,6955631315198,-KU,成品 - 成品,EMIE,finished_good,13-digit
6955631314658,6955631314658,-KU,成品 - 成品,EMIE,finished_good,13-digit
6955631314627,6955631314627,-KU双唛,成品 - 成品,EMIE,finished_good,13-digit
6955631314238,6955631314238,-KU奶油款,成品 - 成品,EMIE,finished_good,13-digit
6955631313736,6955631313736,-KU抱枕款,成品 - 成品,EMIE,finished_good,13-digit
6955631316256,6955631316256,-Kitty,成品 - 成品,EMIE,finished_good,13-digit
6955631315983,6955631315983,-Kitty,成品 - 成品,EMIE,finished_good,13-digit
6955631315976,6955631315976,-Kitty,成品 - 成品,EMIE,finished_good,13-digit
6955631315334,6955631315334,-MM,成品 - 成品,EMIE,finished_good,13-digit
6955631315563,6955631315563,-MM,成品 - 成品,EMIE,finished_good,13-digit
6955631315938,6955631315938,-MM(单唛),成品 - 成品,EMIE,finished_good,13-digit
6955631315945,6955631315945,-MM(双唛),成品 - 成品,EMIE,finished_good,13-digit
6955631315655,6955631315655,-MM单唛,成品 - 成品,EMIE,finished_good,13-digit
6955631315662,6955631315662,-MM双唛,成品 - 成品,EMIE,finished_good,13-digit
6955631314153,6955631314153,-Victory Kiss甜蜜双排,成品 - 成品,EMIE,finished_good,13-digit
6955631311282,6955631311282,-儿童款-CN 0003,成品 - 成品,EMIE,finished_good,13-digit
6955631313279,6955631313279,-儿童款-KU,成品 - 成品,EMIE,finished_good,13-digit
6947731035211,6947731035211,-公仔,成品 - 成品,EMIE,finished_good,13-digit
6955631316072,6955631316072,-单唛KU,成品 - 成品,EMIE,finished_good,13-digit
6955631315396,6955631315396,-单麦,成品 - 成品,EMIE,finished_good,13-digit
6955631316089,6955631316089,-双唛KU,成品 - 成品,EMIE,finished_good,13-digit
6955631315402,6955631315402,-双麦,成品 - 成品,EMIE,finished_good,13-digit
6955631315082,6955631315082,-双麦-KU,成品 - 成品,EMIE,finished_good,13-digit
6941602591494,6941602591494,-史迪奇,成品 - 成品,EMIE,finished_good,13-digit
6955631314337,6955631314337,-围手款CN,成品 - 成品,EMIE,finished_good,13-digit
6955631314320,6955631314320,-围手款KU,成品 - 成品,EMIE,finished_good,13-digit
6955631312371,6955631312371,-坐姿KU,成品 - 成品,EMIE,finished_good,13-digit
6955631315457,6955631315457,-多彩水晶,成品 - 成品,EMIE,finished_good,13-digit
6955631314160,6955631314160,-大吉款,成品 - 成品,EMIE,finished_good,13-digit
6955631313309,6955631313309,-大耳狗,成品 - 成品,EMIE,finished_good,13-digit
6955631314771,6955631314771,-大耳狗,成品 - 成品,EMIE,finished_good,13-digit
6955631314580,6955631314580,-大耳狗,成品 - 成品,EMIE,finished_good,13-digit
6955631314610,6955631314610,-大耳狗款,成品 - 成品,EMIE,finished_good,13-digit
6955631314542,6955631314542,-学生直充KU,成品 - 成品,EMIE,finished_good,13-digit
6955631314535,6955631314535,-成人无线KU,成品 - 成品,EMIE,finished_good,13-digit
6955631313262,6955631313262,-成人款-KU,成品 - 成品,EMIE,finished_good,13-digit
6955631315112,6955631315112,-手机壳版KU,成品 - 成品,EMIE,finished_good,13-digit
6955631315129,6955631315129,-手机壳版风火轮,成品 - 成品,EMIE,finished_good,13-digit
6955631314344,6955631314344,-插袋款CN,成品 - 成品,EMIE,finished_good,13-digit
6955631314443,6955631314443,-旋转木马CN,成品 - 成品,EMIE,finished_good,13-digit
6955631314450,6955631314450,-旋转木马KT,成品 - 成品,EMIE,finished_good,13-digit
6955631314467,6955631314467,-旋转木马KU,成品 - 成品,EMIE,finished_good,13-digit
6955631314177,6955631314177,-极限冲浪,成品 - 成品,EMIE,finished_good,13-digit
6955631315174,6955631315174,-浓香,成品 - 成品,EMIE,finished_good,13-digit
6955631315181,6955631315181,-淡香,成品 - 成品,EMIE,finished_good,13-digit
6955631315624,6955631315624,-爱心发声款,成品 - 成品,EMIE,finished_good,13-digit
6955631314429,6955631314429,-爱心款CN,成品 - 成品,EMIE,finished_good,13-digit
6955631314412,6955631314412,-爱心款KT,成品 - 成品,EMIE,finished_good,13-digit
6955631314436,6955631314436,-爱心款KU,成品 - 成品,EMIE,finished_good,13-digit
6955631313040,6955631313040,-白噪音版CN,成品 - 成品,EMIE,finished_good,13-digit
6955631313064,6955631313064,-白噪音版KU,成品 - 成品,EMIE,finished_good,13-digit
6955631314313,6955631314313,-礼物款CN,成品 - 成品,EMIE,finished_good,13-digit
6955631314252,6955631314252,-粉紫款KU,成品 - 成品,EMIE,finished_good,13-digit
6955631315440,6955631315440,-紫水晶,成品 - 成品,EMIE,finished_good,13-digit
6955631313729,6955631313729,-紫色儿童款,成品 - 成品,EMIE,finished_good,13-digit
6955631313712,6955631313712,-紫色成人款,成品 - 成品,EMIE,finished_good,13-digit
6955631314795,6955631314795,-美乐蒂,成品 - 成品,EMIE,finished_good,13-digit
6955631314818,6955631314818,-芭比,成品 - 成品,EMIE,finished_good,13-digit
6955631314757,6955631314757,-芭比,成品 - 成品,EMIE,finished_good,13-digit
6955631314764,6955631314764,-芭比双唛款,成品 - 成品,EMIE,finished_good,13-digit
6955631314962,6955631314962,-芭比款,成品 - 成品,EMIE,finished_good,13-digit
6955631314672,6955631314672,-芭比款,成品 - 成品,EMIE,finished_good,13-digit
6955631314832,6955631314832,-芭比蝴蝶结款,成品 - 成品,EMIE,finished_good,13-digit
6941602578426,6941602578426,-草莓熊,成品 - 成品,EMIE,finished_good,13-digit
6941602591470,6941602591470,-草莓熊,成品 - 成品,EMIE,finished_good,13-digit
6955631313057,6955631313057,-蓝牙版CN,成品 - 成品,EMIE,finished_good,13-digit
6955631314375,6955631314375,-蓝牙版KT,成品 - 成品,EMIE,finished_good,13-digit
6955631313071,6955631313071,-蓝牙版KU,成品 - 成品,EMIE,finished_good,13-digit
6955631313972,6955631313972,-蓝色成人款,成品 - 成品,EMIE,finished_good,13-digit
6955631314528,6955631314528,-蛋糕崽,成品 - 成品,EMIE,finished_good,13-digit
6955631313316,6955631313316,-酷洛米,成品 - 成品,EMIE,finished_good,13-digit
6955631314801,6955631314801,-酷洛米,成品 - 成品,EMIE,finished_good,13-digit
6955631314597,6955631314597,-酷洛米,成品 - 成品,EMIE,finished_good,13-digit
6955631314306,6955631314306,-酷洛米KU,成品 - 成品,EMIE,finished_good,13-digit
6955631314603,6955631314603,-酷洛米款,成品 - 成品,EMIE,finished_good,13-digit
6955631315013,6955631315013,-风火轮,成品 - 成品,EMIE,finished_good,13-digit
6955631309883,6955631309883,001亿觅智能加热保温杯垫套装-Hello kitty,成品 - 成品,EMIE,finished_good,13-digit
6955631300675,6955631300675,001亿觅盲盒数据线(整盒)-,成品 - 成品,EMIE,finished_good,13-digit
6955631300002,6955631300002,001亿觅盲盒数据线-,成品 - 成品,EMIE,finished_good,13-digit
6955631310100,6955631310100,040亿觅三合一伸缩数据线-抱抱熊,成品 - 成品,EMIE,finished_good,13-digit
6955631310087,6955631310087,040亿觅三合一伸缩数据线-樱花,成品 - 成品,EMIE,finished_good,13-digit
6955631310094,6955631310094,040亿觅三合一伸缩数据线-甜心,成品 - 成品,EMIE,finished_good,13-digit
6955631310865,6955631310865,048 亿觅三合一伸缩数据线-KT圣诞喵-,成品 - 成品,EMIE,finished_good,13-digit
6955631312210,6955631312210,072 亿觅一拖三公仔伸缩充电线-CN,成品 - 成品,EMIE,finished_good,13-digit
6955631312227,6955631312227,072 亿觅一拖三公仔伸缩充电线-KT,成品 - 成品,EMIE,finished_good,13-digit
6955631312203,6955631312203,072 亿觅一拖三公仔伸缩充电线-KU,成品 - 成品,EMIE,finished_good,13-digit
6955631313903,6955631313903,1 儿童触屏小相机--CN,成品 - 成品,EMIE,finished_good,13-digit
6955631313910,6955631313910,1 儿童触屏小相机--KT,成品 - 成品,EMIE,finished_good,13-digit
6955631313927,6955631313927,1 儿童触屏小相机--KU,成品 - 成品,EMIE,finished_good,13-digit
6955631313149,6955631313149,10 亿觅心愿充电宝--CN,成品 - 成品,EMIE,finished_good,13-digit
6955631313132,6955631313132,10 亿觅心愿充电宝--KU,成品 - 成品,EMIE,finished_good,13-digit
6955631310933,6955631310933,221 亿觅杯面加湿器-大耳狗-,成品 - 成品,EMIE,finished_good,13-digit
6955631315846,6955631315846,600耳机收纳包--粉色,成品 - 成品,EMIE,finished_good,13-digit
6955631315839,6955631315839,600耳机收纳包--蓝色,成品 - 成品,EMIE,finished_good,13-digit
6955631315822,6955631315822,600耳机收纳包--黑色,成品 - 成品,EMIE,finished_good,13-digit
6955631309869,6955631309869,650亿觅智能温控暖宫带Hello kitty,成品 - 成品,EMIE,finished_good,13-digit
6955631310001,6955631310001,651亿觅智能温控围脖-Hello kitty,成品 - 成品,EMIE,finished_good,13-digit
6955631313750,6955631313750,A2103 亿觅台灯--CN,成品 - 成品,EMIE,finished_good,13-digit
6955631313880,6955631313880,A2103 亿觅台灯--EMMA款,成品 - 成品,EMIE,finished_good,13-digit
6955631313767,6955631313767,A2103 亿觅台灯--KT,成品 - 成品,EMIE,finished_good,13-digit
6955631313743,6955631313743,A2103 亿觅台灯--KU,成品 - 成品,EMIE,finished_good,13-digit
6955631315747,6955631315747,A2112 亿觅小蓓蕾充电台灯--KT,成品 - 成品,EMIE,finished_good,13-digit
6955631313842,6955631313842,B400C1 亿觅智能咖啡杯--KU,成品 - 成品,EMIE,finished_good,13-digit
6955631312135,6955631312135,CN,成品 - 成品,EMIE,finished_good,13-digit
6955631312128,6955631312128,CN,成品 - 成品,EMIE,finished_good,13-digit
6955631312586,6955631312586,CN,成品 - 成品,EMIE,finished_good,13-digit
6955631311671,6955631311671,CN 0009-大耳狗,成品 - 成品,EMIE,finished_good,13-digit
6955631311039,6955631311039,CN-,成品 - 成品,EMIE,finished_good,13-digit
6955631310964,6955631310964,CN-,成品 - 成品,EMIE,finished_good,13-digit
6955631311534,6955631311534,CN-CN,成品 - 成品,EMIE,finished_good,13-digit
6955631312166,6955631312166,CN-大耳狗,成品 - 成品,EMIE,finished_good,13-digit
6955631312180,6955631312180,CN-大耳狗,成品 - 成品,EMIE,finished_good,13-digit
6955631311244,6955631311244,CN-大耳狗,成品 - 成品,EMIE,finished_good,13-digit
6955631311688,6955631311688,CN-大耳狗,成品 - 成品,EMIE,finished_good,13-digit
6955631312388,6955631312388,CN爱你(常规款)-大耳狗,成品 - 成品,EMIE,finished_good,13-digit
6955631312296,6955631312296,CN爱你(礼盒款)-大耳狗,成品 - 成品,EMIE,finished_good,13-digit
6955631311855,6955631311855,CN草莓-CN,成品 - 成品,EMIE,finished_good,13-digit
6955631309906,6955631309906,Hello Kitty,成品 - 成品,EMIE,finished_good,13-digit
6955631312050,6955631312050,Hello Kitty,成品 - 成品,EMIE,finished_good,13-digit
6955631309951,6955631309951,Hello Kitty,成品 - 成品,EMIE,finished_good,13-digit
6955631312111,6955631312111,Hello Kitty,成品 - 成品,EMIE,finished_good,13-digit
6955631311725,6955631311725,Hello Kitty(港),成品 - 成品,EMIE,finished_good,13-digit
6955631309784,6955631309784,Hello kitty,成品 - 成品,EMIE,finished_good,13-digit
6955631309340,6955631309340,Hello kitty,成品 - 成品,EMIE,finished_good,13-digit
6955631309838,6955631309838,Hello kitty,成品 - 成品,EMIE,finished_good,13-digit
6955631311480,6955631311480,Hello kitty,成品 - 成品,EMIE,finished_good,13-digit
6955631311022,6955631311022,JK大耳狗-MMP02,成品 - 成品,EMIE,finished_good,13-digit
6955631312142,6955631312142,KT,成品 - 成品,EMIE,finished_good,13-digit
6955631316171,6955631316171,KT,成品 - 成品,EMIE,finished_good,13-digit
6955631312258,6955631312258,KT,成品 - 成品,EMIE,finished_good,13-digit
6955631312661,6955631312661,KT,成品 - 成品,EMIE,finished_good,13-digit
6955631312890,6955631312890,KT,成品 - 成品,EMIE,finished_good,13-digit
6955631310193,6955631310193,KT,成品 - 成品,EMIE,finished_good,13-digit
6955631311664,6955631311664,KT 0010-Hello Kitty,成品 - 成品,EMIE,finished_good,13-digit
6955631311268,6955631311268,KT(蝴蝶)-KT,成品 - 成品,EMIE,finished_good,13-digit
6955631310902,6955631310902,KT-,成品 - 成品,EMIE,finished_good,13-digit
6955631310957,6955631310957,KT-,成品 - 成品,EMIE,finished_good,13-digit
6955631311237,6955631311237,KT-Hello Kitty,成品 - 成品,EMIE,finished_good,13-digit
6955631311527,6955631311527,KT-KT,成品 - 成品,EMIE,finished_good,13-digit
6955631316096,6955631316096,KT单唛,成品 - 成品,EMIE,finished_good,13-digit
6955631316102,6955631316102,KT双唛,成品 - 成品,EMIE,finished_good,13-digit
6955631312289,6955631312289,KT彩虹,成品 - 成品,EMIE,finished_good,13-digit
6955631312609,6955631312609,KU,成品 - 成品,EMIE,finished_good,13-digit
6955631312159,6955631312159,KU,成品 - 成品,EMIE,finished_good,13-digit
6955631312234,6955631312234,KU,成品 - 成品,EMIE,finished_good,13-digit
6955631316195,6955631316195,KU,成品 - 成品,EMIE,finished_good,13-digit
6955631312807,6955631312807,KU,成品 - 成品,EMIE,finished_good,13-digit
6955631312104,6955631312104,KU,成品 - 成品,EMIE,finished_good,13-digit
6955631311510,6955631311510,KU-KU,成品 - 成品,EMIE,finished_good,13-digit
6955631312173,6955631312173,KU-酷洛米,成品 - 成品,EMIE,finished_good,13-digit
6955631312098,6955631312098,KU-酷洛米,成品 - 成品,EMIE,finished_good,13-digit
6955631316119,6955631316119,KU单唛,成品 - 成品,EMIE,finished_good,13-digit
6955631316126,6955631316126,KU双唛,成品 - 成品,EMIE,finished_good,13-digit
6955631311466,6955631311466,KU爱心-KU,成品 - 成品,EMIE,finished_good,13-digit
6955631311398,6955631311398,KU爱心款,成品 - 成品,EMIE,finished_good,13-digit
6955631316188,6955631316188,Kitty,成品 - 成品,EMIE,finished_good,13-digit
6955631310339,6955631310339,S3145亿觅桌面喷雾风扇-HelloKitty,成品 - 成品,EMIE,finished_good,13-digit
6955631313804,6955631313804,S3162 亿觅手持喷雾风扇--巴库KU,成品 - 成品,EMIE,finished_good,13-digit
6955631313606,6955631313606,S3162亿觅手持喷雾风扇--CN夏日,成品 - 成品,EMIE,finished_good,13-digit
6955631310377,6955631310377,S3162亿觅手持喷雾风扇-大耳狗柠檬绿,成品 - 成品,EMIE,finished_good,13-digit
6955631313101,6955631313101,TR-232G亿觅旅行快充充电器礼盒--大耳狗(Type-C款),成品 - 成品,EMIE,finished_good,13-digit
6955631313033,6955631313033,TR-232G亿觅旅行快充充电器礼盒--大耳狗(苹果款),成品 - 成品,EMIE,finished_good,13-digit
6955631313637,6955631313637,TR-232G亿觅旅行快充充电器礼盒--酷洛米(TPY-C口),成品 - 成品,EMIE,finished_good,13-digit
6955631313620,6955631313620,TR-232G亿觅旅行快充充电器礼盒--酷洛米(苹果款),成品 - 成品,EMIE,finished_good,13-digit
6955631311503,6955631311503,hello kitty-KT,成品 - 成品,EMIE,finished_good,13-digit
6955631310131,6955631310131,hellokitty,成品 - 成品,EMIE,finished_good,13-digit
6955631311381,6955631311381,ku,成品 - 成品,EMIE,finished_good,13-digit
6955631315808,6955631315808,三丽鸥家族手提袋,成品 - 成品,EMIE,finished_good,13-digit
6955631310148,6955631310148,刷头-粉色儿童款,成品 - 成品,EMIE,finished_good,13-digit
6955631308831,6955631308831,刷头-粉色成人款,成品 - 成品,EMIE,finished_good,13-digit
6955631310629,6955631310629,加油宇航员-,成品 - 成品,EMIE,finished_good,13-digit
6955631311626,6955631311626,咖啡厅-大耳狗,成品 - 成品,EMIE,finished_good,13-digit
6955631309241,6955631309241,圣诞喵,成品 - 成品,EMIE,finished_good,13-digit
6955631311305,6955631311305,圣诞麋鹿-,成品 - 成品,EMIE,finished_good,13-digit
6955631312654,6955631312654,大耳狗,成品 - 成品,EMIE,finished_good,13-digit
6955631316027,6955631316027,大耳狗,成品 - 成品,EMIE,finished_good,13-digit
6955631312548,6955631312548,大耳狗,成品 - 成品,EMIE,finished_good,13-digit
6955631312043,6955631312043,大耳狗,成品 - 成品,EMIE,finished_good,13-digit
6955631312883,6955631312883,大耳狗,成品 - 成品,EMIE,finished_good,13-digit
6955631310223,6955631310223,大耳狗,成品 - 成品,EMIE,finished_good,13-digit
6955631311718,6955631311718,大耳狗(港),成品 - 成品,EMIE,finished_good,13-digit
6955631311220,6955631311220,大耳狗-CN,成品 - 成品,EMIE,finished_good,13-digit
6955631311800,6955631311800,大耳狗-CN,成品 - 成品,EMIE,finished_good,13-digit
6955631312562,6955631312562,大耳狗星星,成品 - 成品,EMIE,finished_good,13-digit
6955631311206,6955631311206,大耳狗星星-大耳狗,成品 - 成品,EMIE,finished_good,13-digit
6955631312951,6955631312951,大耳狗晚安,成品 - 成品,EMIE,finished_good,13-digit
6955631315501,6955631315501,头戴式耳机--暗夜灰Pro,成品 - 成品,EMIE,finished_good,13-digit
6955631315556,6955631315556,头戴式耳机--海洋蓝Pro,成品 - 成品,EMIE,finished_good,13-digit
6955631315549,6955631315549,头戴式耳机--脉动粉Pro,成品 - 成品,EMIE,finished_good,13-digit
6955631312623,6955631312623,小企鹅,成品 - 成品,EMIE,finished_good,13-digit
6955631308503,6955631308503,小粉熊,成品 - 成品,EMIE,finished_good,13-digit
6955631311497,6955631311497,库洛米,成品 - 成品,EMIE,finished_good,13-digit
6955631311251,6955631311251,成人款-CN 0002,成品 - 成品,EMIE,finished_good,13-digit
6955631308671,6955631308671,成品-hellokitty,成品 - 成品,EMIE,finished_good,13-digit
6955631306493,6955631306493,成品-kitty,成品 - 成品,EMIE,finished_good,13-digit
6955631308749,6955631308749,成品-冲浪,成品 - 成品,EMIE,finished_good,13-digit
6955631308589,6955631308589,成品-升级版,成品 - 成品,EMIE,finished_good,13-digit
6955631308619,6955631308619,成品-小粉熊,成品 - 成品,EMIE,finished_good,13-digit
6955631305168,6955631305168,成品-洛杉矶,成品 - 成品,EMIE,finished_good,13-digit
6955631307216,6955631307216,成品-白,成品 - 成品,EMIE,finished_good,13-digit
6955631308367,6955631308367,成品-绿色,成品 - 成品,EMIE,finished_good,13-digit
6955631307834,6955631307834,成品-美少女战士,成品 - 成品,EMIE,finished_good,13-digit
6955631304147,6955631304147,成品-蓝色,成品 - 成品,EMIE,finished_good,13-digit
6955631304635,6955631304635,成品-黑(英文版),成品 - 成品,EMIE,finished_good,13-digit
6955631310551,6955631310551,抱抱熊-,成品 - 成品,EMIE,finished_good,13-digit
6955631311459,6955631311459,抱抱熊-KT,成品 - 成品,EMIE,finished_good,13-digit
6955631310179,6955631310179,招财喵,成品 - 成品,EMIE,finished_good,13-digit
6955631309913,6955631309913,暖暖,成品 - 成品,EMIE,finished_good,13-digit
6955631312753,6955631312753,泰迪兔,成品 - 成品,EMIE,finished_good,13-digit
6955631312975,6955631312975,牛油果绿,成品 - 成品,EMIE,finished_good,13-digit
6955631312616,6955631312616,独角兽,成品 - 成品,EMIE,finished_good,13-digit
6955631309890,6955631309890,甜点独角兽,成品 - 成品,EMIE,finished_good,13-digit
6955631310780,6955631310780,粉-JK girl-,成品 - 成品,EMIE,finished_good,13-digit
6955631312838,6955631312838,粉-小彩虹,成品 - 成品,EMIE,finished_good,13-digit
6955631310797,6955631310797,粉-抱抱熊-,成品 - 成品,EMIE,finished_good,13-digit
6955631310834,6955631310834,粉-樱花-,成品 - 成品,EMIE,finished_good,13-digit
6955631314030,6955631314030,粉-魔法棒,成品 - 成品,EMIE,finished_good,13-digit
6955631312579,6955631312579,粉色,成品 - 成品,EMIE,finished_good,13-digit
6955631312944,6955631312944,粉色,成品 - 成品,EMIE,finished_good,13-digit
6955631316058,6955631316058,红,成品 - 成品,EMIE,finished_good,13-digit
6955631310810,6955631310810,红-和服-,成品 - 成品,EMIE,finished_good,13-digit
6955631312449,6955631312449,绿-小恐龙,成品 - 成品,EMIE,finished_good,13-digit
6941602542755,6941602542755,背带米妮,成品 - 成品,EMIE,finished_good,13-digit
6955631311077,6955631311077,蓝-大耳狗星星-,成品 - 成品,EMIE,finished_good,13-digit
6955631312432,6955631312432,蓝-小企鹅,成品 - 成品,EMIE,finished_good,13-digit
6955631313026,6955631313026,蓝色,成品 - 成品,EMIE,finished_good,13-digit
6955631316041,6955631316041,蓝色,成品 - 成品,EMIE,finished_good,13-digit
6955631304369,6955631304369,蓝色(皮带扣),成品 - 成品,EMIE,finished_good,13-digit
6941602540614,6941602540614,趣玩维尼,成品 - 成品,EMIE,finished_good,13-digit
6941602540669,6941602540669,趣玩草莓熊,成品 - 成品,EMIE,finished_good,13-digit
6955631312555,6955631312555,酷洛米,成品 - 成品,EMIE,finished_good,13-digit
6955631312876,6955631312876,酷洛米,成品 - 成品,EMIE,finished_good,13-digit
6955631312647,6955631312647,酷洛米,成品 - 成品,EMIE,finished_good,13-digit
6955631311732,6955631311732,酷洛米(港),成品 - 成品,EMIE,finished_good,13-digit
6955631312630,6955631312630,魔法棒,成品 - 成品,EMIE,finished_good,13-digit
6941602589538,6941602589538,魔法棒儿童相机,成品 - 成品,EMIE,finished_good,13-digit
6955631311299,6955631311299,麋鹿-,成品 - 成品,EMIE,finished_good,13-digit
6955631312968,6955631312968,麦芽棕,成品 - 成品,EMIE,finished_good,13-digit
6955631310612,6955631310612,黄桃相机-,成品 - 成品,EMIE,finished_good,13-digit
6955631316034,6955631316034,黄色,成品 - 成品,EMIE,finished_good,13-digit
6955631316201,6955631316201,黑色,成品 - 成品,EMIE,finished_good,13-digit
EM20240508,EM20240508,"",成品 - 成品,EMIE,finished_good,EM-old
EM20240321,EM20240321,"",成品 - 成品,EMIE,finished_good,EM-old
EM20240528,EM20240528,"",成品 - 成品,EMIE,finished_good,EM-old
EM2024062501,EM2024062501,"",成品 - 成品,EMIE,finished_good,EM-old
EM2024062502,EM2024062502,"",成品 - 成品,EMIE,finished_good,EM-old
EM20250714,EM20250714,"",成品 - 成品,EMIE,finished_good,EM-old
EM20230808001,EM20230808001,"",成品 - 成品,EMIE,finished_good,EM-old
EM20230920,EM20230920,"",成品 - 成品,EMIE,finished_good,EM-old
EM2025011501,EM2025011501,"",成品 - 成品,EMIE,finished_good,EM-old
EM20250716,EM20250716,翻转相机广角镜头,成品 - 成品,EMIE,finished_good,EM-old
EM20240326,EM20240326,防伪标-亿觅防伪标,成品 - 成品,EMIE,finished_good,EM-old
EMIE2025101602,EMIE2025101602,"",成品 - 成品,EMIE,finished_good,EMIE-old
EMIE20190515001,EMIE20190515001,"",成品 - 成品,EMIE,finished_good,EMIE-old
EMIE202100618001,EMIE202100618001,"",成品 - 成品,EMIE,finished_good,EMIE-old
EMIE20210719002,EMIE20210719002,"",成品 - 成品,EMIE,finished_good,EMIE-old
EMIE20191209008,EMIE20191209008,"",成品 - 成品,EMIE,finished_good,EMIE-old
EMIE20210719001,EMIE20210719001,"",成品 - 成品,EMIE,finished_good,EMIE-old
EMIE20180926002,EMIE20180926002,"",成品 - 成品,EMIE,finished_good,EMIE-old
EMIE20211125002,EMIE20211125002,"",成品 - 成品,EMIE,finished_good,EMIE-old
EMIE20211125001,EMIE20211125001,"",成品 - 成品,EMIE,finished_good,EMIE-old
EMIE20180920001,EMIE20180920001,"",成品 - 成品,EMIE,finished_good,EMIE-old
EMIE2025101603,EMIE2025101603,"",成品 - 成品,EMIE,finished_good,EMIE-old
EMIE20220620001,EMIE20220620001,"",成品 - 成品,EMIE,finished_good,EMIE-old
EMIE20220712001,EMIE20220712001,"",成品 - 成品,EMIE,finished_good,EMIE-old
EMIE20190528003,EMIE20190528003,hello kitty防伪标-红色,原材料 - 包装,EMIE,finished_good,EMIE-old
EMIE20190312001,EMIE20190312001,hello kitty防伪标-绿色,原材料 - 包装,EMIE,finished_good,EMIE-old
EMIE20170921001,EMIE20170921001,hello kitty防伪标-金色,原材料 - 包装,EMIE,finished_good,EMIE-old
EMIE2025101601,EMIE2025101601,囍,成品 - 成品,EMIE,finished_good,EMIE-old
EMIE20171201001,EMIE20171201001,小恶魔防伪标,成品 - 成品,EMIE,finished_good,EMIE-old
EMIE2025101302,EMIE2025101302,平安喜乐铭牌,成品 - 成品,EMIE,finished_good,EMIE-old
EMIE2025101304,EMIE2025101304,白色,成品 - 成品,EMIE,finished_good,EMIE-old
EMIE2025101301,EMIE2025101301,福气满满铭牌,成品 - 成品,EMIE,finished_good,EMIE-old
EMIE2025101303,EMIE2025101303,红双喜铭牌,成品 - 成品,EMIE,finished_good,EMIE-old
EMIE2025082101,EMIE2025082101,蓝色,成品 - 成品,EMIE,finished_good,EMIE-old
EMIE2025082102,EMIE2025082102,黄色,成品 - 成品,EMIE,finished_good,EMIE-old
62d780261daba9000141048e,62d780261daba9000141048e,D02 亿觅拍拍小夜灯-CN爱你（常规款）-大耳狗,,,,ObjectId
66062ed5938447000115b1ae,66062ed5938447000115b1ae,D08 亿觅拍拍小夜灯--坐姿KU,,,,ObjectId
668faee27315650001124163,668faee27315650001124163,D09 亿觅拍拍小夜灯--KT,,,,ObjectId
666ffb23f7984c000135b268,666ffb23f7984c000135b268,D10 亿觅半鱼人拍拍灯--HG,,,,ObjectId
6731b78fec68d700014d917c,6731b78fec68d700014d917c,D11 亿觅蘑菇小夜灯--KU,,,,ObjectId
6734071c10adb50001f69902,6734071c10adb50001f69902,D12 亿觅美乐蒂拍拍--MM,,,,ObjectId
67aeece37b3de40001703264,67aeece37b3de40001703264,D13 酷洛米占卜灯--多彩水晶,,,,ObjectId
682ed3f00d7e3d00012a19a6,682ed3f00d7e3d00012a19a6,D14 亿觅酷洛米 巴库灯--KU,,,,ObjectId
687746b202d7b000015251b4,687746b202d7b000015251b4,D15-亿觅萌袋灯,,,,ObjectId
66728c0ec19f1f0001b5e2a9,66728c0ec19f1f0001b5e2a9,D20 亿觅蛋糕崽K歌音箱套装--KU,,,,ObjectId
667102c4a9c8b700013d45c4,667102c4a9c8b700013d45c4,K5 亿觅儿童麦克风--芭比款,,,,ObjectId
6833d20ed5fe8c00013ded25,6833d20ed5fe8c00013ded25,LT-A2112 亿觅小蓓蕾充电台灯--KT,,,,ObjectId
66c6e9fb5e048b0001927bfe,66c6e9fb5e048b0001927bfe,M8 亿觅儿童打印相机--KU,,,,ObjectId
67f4c2a8f0efe50001bda465,67f4c2a8f0efe50001bda465,MMF08亿觅声波电动牙刷-成品-hellokitty,,,,ObjectId
6805debabf68a20001211585,6805debabf68a20001211585,P6 亿觅无线K歌套装--KU,,,,ObjectId
660a67b9d4bfd4000191bf01,660a67b9d4bfd4000191bf01,P6 亿觅无线K歌套装--芭比款,,,,ObjectId
66470f1b54f4dc0001bd3751,66470f1b54f4dc0001bd3751,S300 亿觅电动牙刷--芭比蝴蝶结款,,,,ObjectId
682a950982d86e00017d9c4d,682a950982d86e00017d9c4d,UM600-头戴式耳机--暗夜灰Pro,,,,ObjectId
687c9e2686c0df0001146b68,687c9e2686c0df0001146b68,X500 亿觅学生电动牙刷--KU,,,,ObjectId
67724e83ada65900012bee9a,67724e83ada65900012bee9a,Y8 亿觅字幕音箱K歌套装--单麦,,,,ObjectId
1c21e91b-ca76-4458-abf1-e8682110247b,1c21e91b-ca76-4458-abf1-e8682110247b,520手提袋-三丽鸥家族手提袋,,,,UUID
03139c2a-2a9f-410e-98c6-f8867920a1cd,03139c2a-2a9f-410e-98c6-f8867920a1cd,520礼品袋-市场部,,,,UUID
0fe54230-aa31-4aae-a1a1-508950048967,0fe54230-aa31-4aae-a1a1-508950048967,A05亿觅TV桌面补水仪-Hello Kitty,,,,UUID
0d61b493-4b3e-419a-aadf-21782088210a,0d61b493-4b3e-419a-aadf-21782088210a,A05亿觅TV桌面补水仪-招财喵,,,,UUID
cbdb1f35-970c-4864-9082-18a67c7ffe73,cbdb1f35-970c-4864-9082-18a67c7ffe73,A204 亿觅智能保温杯套装--KU,,,,UUID
57438ad9-bd24-4cce-aaa2-846adf781f8e,57438ad9-bd24-4cce-aaa2-846adf781f8e,A204亿觅智能保温杯套装-CN-,,,,UUID
740fe27e-4c28-49c7-bf3a-affdbc6def2c,740fe27e-4c28-49c7-bf3a-affdbc6def2c,A204亿觅智能保温杯套装-KT-,,,,UUID
733a29e9-95dc-4b57-8dbb-a89c372edf19,733a29e9-95dc-4b57-8dbb-a89c372edf19,A6亿觅打印相机热敏纸-,,,,UUID
00649ee1-89a1-4540-b666-1471af864457,00649ee1-89a1-4540-b666-1471af864457,A6亿觅触屏打印相机-Hello kitty,,,,UUID
2b55d579-a389-4829-9e8c-85afcd73d41d,2b55d579-a389-4829-9e8c-85afcd73d41d,B01 亿觅旅途蓝牙小夜灯--Emma秘境森林茶会系列,,,,UUID
f3bd8366-e80d-4fb0-b275-674ed069e23d,f3bd8366-e80d-4fb0-b275-674ed069e23d,B01 亿觅旅途蓝牙小夜灯--蓝牙版KT,,,,UUID
78039932-f2a9-49ad-8208-0b2aa7455034,78039932-f2a9-49ad-8208-0b2aa7455034,B01 亿觅旅途音乐小夜灯--蓝牙版CN,,,,UUID
2dcfd557-40b1-4a05-970f-ff55fe3aa0f2,2dcfd557-40b1-4a05-970f-ff55fe3aa0f2,B01 亿觅旅途音乐小夜灯--蓝牙版KU,,,,UUID
5605e41e-e1b7-4332-9ccf-0b25e42192ba,5605e41e-e1b7-4332-9ccf-0b25e42192ba,C5-1 儿童触屏小相机--CN,,,,UUID
4b2cce73-ab61-4bf8-95f6-9b8064543b9e,4b2cce73-ab61-4bf8-95f6-9b8064543b9e,C5-1 儿童触屏小相机--KT,,,,UUID
740bfcf1-a69f-457b-9be6-bf1f21ebd241,740bfcf1-a69f-457b-9be6-bf1f21ebd241,C5-1 儿童触屏小相机--KU,,,,UUID
ad386f5e-8185-471c-8cf5-4da0e0bd789b,ad386f5e-8185-471c-8cf5-4da0e0bd789b,CDR1 亿觅复古相机--CN,,,,UUID
4b3fc21d-657d-4ac4-af21-2afbd9645eba,4b3fc21d-657d-4ac4-af21-2afbd9645eba,CDR1 亿觅复古相机--KT,,,,UUID
76087d12-4dfd-40ab-a6ac-03047ea8df30,76087d12-4dfd-40ab-a6ac-03047ea8df30,CDR1 亿觅复古相机--KU,,,,UUID
2189e27b-be59-43d8-aaee-281c4158e605,2189e27b-be59-43d8-aaee-281c4158e605,CDR1 亿觅复古相机--芭比,,,,UUID
8378d686-aa24-48fd-b5fa-44083b03a12b,8378d686-aa24-48fd-b5fa-44083b03a12b,D02 亿觅大耳狗拍拍灯--爱心发声款,,,,UUID
7edf7134-848b-4f12-86d7-d6a3e7e98c68,7edf7134-848b-4f12-86d7-d6a3e7e98c68,D02 亿觅拍拍小夜灯--CN帽子款,,,,UUID
9c437e27-1a42-4c55-aa6b-86026c2088ee,9c437e27-1a42-4c55-aa6b-86026c2088ee,D02 亿觅拍拍小夜灯--礼物款CN,,,,UUID
62edfc58-078a-4015-a094-b6868d18e6db,62edfc58-078a-4015-a094-b6868d18e6db,D02 亿觅拍拍小夜灯-CN爱你（常规款）-大耳狗,,,,UUID
27ea9b6f-ed9e-4f8c-9ec1-fe0ba77b976b,27ea9b6f-ed9e-4f8c-9ec1-fe0ba77b976b,D02 亿觅拍拍小夜灯-CN爱你（礼盒款）-大耳狗,,,,UUID
54ef7005-6764-4a04-adeb-70e5dae77ef5,54ef7005-6764-4a04-adeb-70e5dae77ef5,D02 亿觅沙发拍拍灯--KU,,,,UUID
b5a95353-d3ea-42ab-9ec4-e7665f7a1401,b5a95353-d3ea-42ab-9ec4-e7665f7a1401,D02 亿觅沙发拍拍灯--KU抱枕款,,,,UUID
f5bd035b-d337-4d32-8217-0144c36b60ff,f5bd035b-d337-4d32-8217-0144c36b60ff,D04 亿觅纸雕小夜灯-大耳狗晚安,,,,UUID
e764e6f8-86bf-48f3-88bb-ee3669147c7f,e764e6f8-86bf-48f3-88bb-ee3669147c7f,D06 亿觅旅途音乐小夜灯--白噪音版CN,,,,UUID
1730be43-f807-4aee-ab46-2f60061f1421,1730be43-f807-4aee-ab46-2f60061f1421,D06 亿觅旅途音乐小夜灯--白噪音版KU,,,,UUID
cc57052e-56e2-42a5-bfd9-76f0057513eb,cc57052e-56e2-42a5-bfd9-76f0057513eb,D07 亿觅拍拍小夜灯--蛋糕崽,,,,UUID
a117728a-4ba8-46c9-b7be-d554f99ba3bb,a117728a-4ba8-46c9-b7be-d554f99ba3bb,D07 亿觅蛋糕拍拍灯--KT,,,,UUID
c727decc-b487-422a-8f8e-97cc85600409,c727decc-b487-422a-8f8e-97cc85600409,D07 亿觅蛋糕拍拍灯--酷洛米,,,,UUID
f6c41189-f244-470e-9bca-65dd45282c57,f6c41189-f244-470e-9bca-65dd45282c57,D08 亿觅拍拍小夜灯--坐姿KU,,,,UUID
30451575-7b60-47c4-919d-f6e00cae12f0,30451575-7b60-47c4-919d-f6e00cae12f0,D09 亿觅拍拍小夜灯--KT,,,,UUID
a7ea39fb-d24f-4c78-882c-2e2d70295a2c,a7ea39fb-d24f-4c78-882c-2e2d70295a2c,D10 亿觅半鱼人拍拍灯--HG,,,,UUID
8365dea7-1d70-4e8a-b7e4-760444d01c0c,8365dea7-1d70-4e8a-b7e4-760444d01c0c,D11 亿觅蘑菇小夜灯--KU,,,,UUID
c402755f-da65-4246-89ba-69d0a0b2101f,c402755f-da65-4246-89ba-69d0a0b2101f,D12 亿觅美乐蒂拍拍--MM,,,,UUID
5fa0d8aa-cdcc-4590-aa83-7f6a94afe6a7,5fa0d8aa-cdcc-4590-aa83-7f6a94afe6a7,D13 酷洛米占卜灯--多彩水晶,,,,UUID
ac78635a-2d84-4751-81bd-8e9cc67621cd,ac78635a-2d84-4751-81bd-8e9cc67621cd,D14 亿觅酷洛米 巴库灯--KU,,,,UUID
cbf6580b-8543-4819-b51e-81549e6610bf,cbf6580b-8543-4819-b51e-81549e6610bf,D15-亿觅萌袋灯,,,,UUID
0ae953a8-b435-4d4f-abef-42dffbb557f3,0ae953a8-b435-4d4f-abef-42dffbb557f3,D16-亿觅天使灯-大耳狗,,,,UUID
96ce1b71-8e15-46a6-bccb-9760b49810ed,96ce1b71-8e15-46a6-bccb-9760b49810ed,D20,,,,UUID
37d81882-de6e-4ece-893d-351e56c4c03b,37d81882-de6e-4ece-893d-351e56c4c03b,D20 亿觅蛋糕崽K歌音箱套装--KT,,,,UUID
54c68c2d-1e2a-4c8d-aca2-d84e102e3a1b,54c68c2d-1e2a-4c8d-aca2-d84e102e3a1b,D20 亿觅蛋糕崽K歌音箱套装--KU,,,,UUID
3277e213-cc72-4a8f-aa14-c882e8e3aeb9,3277e213-cc72-4a8f-aa14-c882e8e3aeb9,D20 亿觅蛋糕崽K歌音箱套装--双麦-KU,,,,UUID
6123fb04-27aa-4401-b9b5-b2c06637313b,6123fb04-27aa-4401-b9b5-b2c06637313b,D20酷洛米麦克风套装陈列展架,,,,UUID
a13803ff-4e34-41e9-9cd3-7c406ab4d90f,a13803ff-4e34-41e9-9cd3-7c406ab4d90f,GT12 亿觅发光手持风扇--芭比,,,,UUID
1d1f6bfb-7f8c-4840-a419-428128cb165b,1d1f6bfb-7f8c-4840-a419-428128cb165b,HC-650亿觅智能温控暖宫带Hello kitty,,,,UUID
5c6657bd-0e13-4574-83a2-a3715a88a220,5c6657bd-0e13-4574-83a2-a3715a88a220,HC-651亿觅智能温控围脖-Hello kitty,,,,UUID
c65498dc-128d-4f55-be8a-3cb7a88b2305,c65498dc-128d-4f55-be8a-3cb7a88b2305,HS06 亿觅多功能电热毯--围手款CN,,,,UUID
081e0552-5eb0-4351-ada3-357fbc289615,081e0552-5eb0-4351-ada3-357fbc289615,HS06 亿觅多功能电热毯--围手款KU,,,,UUID
29ecf31d-f480-4914-8c67-46c8a2703001,29ecf31d-f480-4914-8c67-46c8a2703001,HS06 亿觅多功能电热毯--插袋款CN,,,,UUID
5f45d574-b589-49a3-a4dc-8cfc0c7cd1f1,5f45d574-b589-49a3-a4dc-8cfc0c7cd1f1,J01 巴士桌面补水仪-CN-,,,,UUID
babde283-f9ba-40a9-91f4-a90a56317494,babde283-f9ba-40a9-91f4-a90a56317494,J01 巴士桌面补水仪-KT-,,,,UUID
afb27ab6-7c0e-41ca-9d7b-c244fc127a81,afb27ab6-7c0e-41ca-9d7b-c244fc127a81,J01 巴士桌面补水仪-圣诞麋鹿-,,,,UUID
8ea6e5e8-983f-4d8f-ae79-e4c1329a4349,8ea6e5e8-983f-4d8f-ae79-e4c1329a4349,J01 巴士桌面补水仪-库洛米,,,,UUID
0d29bec3-8d3c-481f-ad68-02f17995d56c,0d29bec3-8d3c-481f-ad68-02f17995d56c,K05 亿觅K歌麦克风-KT,,,,UUID
74fce596-ea2d-4b70-a18d-8c8c3aebe452,74fce596-ea2d-4b70-a18d-8c8c3aebe452,K05 亿觅K歌麦克风-大耳狗,,,,UUID
702ab573-34a6-4824-a1b6-bbc9e2fe3e50,702ab573-34a6-4824-a1b6-bbc9e2fe3e50,K05 亿觅K歌麦克风-小企鹅,,,,UUID
85d36c41-346e-4e93-b2d3-a909c9dbf235,85d36c41-346e-4e93-b2d3-a909c9dbf235,K05 亿觅K歌麦克风-独角兽,,,,UUID
a4d852f2-9e99-448f-9349-179d7780b3f9,a4d852f2-9e99-448f-9349-179d7780b3f9,K05 亿觅K歌麦克风-酷洛米,,,,UUID
b8f802f5-a378-401b-9e27-a63b7ab4ca91,b8f802f5-a378-401b-9e27-a63b7ab4ca91,K05 亿觅K歌麦克风-魔法棒,,,,UUID
c162af8a-6dc1-4614-bba6-47200b68f467,c162af8a-6dc1-4614-bba6-47200b68f467,K10 亿觅摩天轮音乐灯-KU,,,,UUID
e64637df-813e-456f-9513-b8ed35a22618,e64637df-813e-456f-9513-b8ed35a22618,K26 亿觅像素音箱套装,,,,UUID
daa16dde-f84d-4fb9-916e-fad1d26ae177,daa16dde-f84d-4fb9-916e-fad1d26ae177,K26 亿觅像素音箱套装-双唛KU,,,,UUID
a5f546d5-d3ae-4981-9552-1e983c21df90,a5f546d5-d3ae-4981-9552-1e983c21df90,K5 亿觅儿童麦克风--粉紫款KU,,,,UUID
480e69f5-6cba-4689-bd72-c03b491a3b6c,480e69f5-6cba-4689-bd72-c03b491a3b6c,K5 亿觅儿童麦克风--芭比款,,,,UUID
ce724c55-5eb5-496f-b2ae-6b4ab97ff879,ce724c55-5eb5-496f-b2ae-6b4ab97ff879,K5 儿童麦克风--MM,,,,UUID
a06ec0fa-3dd9-4019-8241-5065d6f36be8,a06ec0fa-3dd9-4019-8241-5065d6f36be8,K70-亿觅千层镜k歌套装-KT单唛,,,,UUID
ff2e9a9d-048c-452f-aed1-de904dd7f56a,ff2e9a9d-048c-452f-aed1-de904dd7f56a,K70-亿觅千层镜k歌套装-KT双唛,,,,UUID
2ec87932-ac25-44df-a8c9-baff8fb400be,2ec87932-ac25-44df-a8c9-baff8fb400be,K70-亿觅千层镜k歌套装-KU单唛,,,,UUID
c361c111-4818-4e3d-a3ae-b0e60a0ca03a,c361c111-4818-4e3d-a3ae-b0e60a0ca03a,K70-亿觅千层镜k歌套装-KU双唛,,,,UUID
6dc829a1-70d9-41bb-8c75-11053287ed02,6dc829a1-70d9-41bb-8c75-11053287ed02,KF03 口袋风扇--CN,,,,UUID
d5da6f61-4c74-42c2-83fe-4ffa309da488,d5da6f61-4c74-42c2-83fe-4ffa309da488,KF03 口袋风扇--KU,,,,UUID
354cf1a1-0f3b-48dc-96f3-e360df09be70,354cf1a1-0f3b-48dc-96f3-e360df09be70,KF13 手持流沙风扇--大耳狗,,,,UUID
14e9c189-67e4-4a6a-b4f9-48d9840ae725,14e9c189-67e4-4a6a-b4f9-48d9840ae725,KF13 手持流沙风扇--美乐蒂,,,,UUID
ee471a6f-81c5-46c3-8407-c24e51b77b99,ee471a6f-81c5-46c3-8407-c24e51b77b99,KF13 手持流沙风扇--酷洛米,,,,UUID
777d25e5-2bf0-415b-8e71-13522dc5fbbb,777d25e5-2bf0-415b-8e71-13522dc5fbbb,KT牙刷硅胶套-猫头款,,,,UUID
36e4b4ee-1df6-4c98-826c-412d5e5dc59f,36e4b4ee-1df6-4c98-826c-412d5e5dc59f,KT牙刷硅胶套-蝴蝶款,,,,UUID
b7cf91cc-1f69-4ccb-b613-d4675b62a3b3,b7cf91cc-1f69-4ccb-b613-d4675b62a3b3,KW-001亿觅智能加热保温杯垫套装-Hello kitty,,,,UUID
33fa627f-dcae-4282-bc8e-b022c6a16207,33fa627f-dcae-4282-bc8e-b022c6a16207,LP750兰博音箱-成品-蓝色,,,,UUID
4125e3d3-82be-4970-946f-05b47a75ee1f,4125e3d3-82be-4970-946f-05b47a75ee1f,LT-A2103 亿觅台灯--CN,,,,UUID
10af8bb7-44bf-4d21-b550-7f3ec3423382,10af8bb7-44bf-4d21-b550-7f3ec3423382,LT-A2103 亿觅台灯--EMMA款,,,,UUID
c5dbaf6c-f9ff-4991-8203-e8f760997378,c5dbaf6c-f9ff-4991-8203-e8f760997378,LT-A2103 亿觅台灯--KT,,,,UUID
35459868-5820-4070-8647-39057ab2f69b,35459868-5820-4070-8647-39057ab2f69b,LT-A2103 亿觅台灯--KU,,,,UUID
05a6ccd5-97e9-4fd9-8107-0db03a4eb5e6,05a6ccd5-97e9-4fd9-8107-0db03a4eb5e6,LT-A2112 亿觅小蓓蕾充电台灯--KT,,,,UUID
9a84b303-280c-4572-97f0-bbfd0356744a,9a84b303-280c-4572-97f0-bbfd0356744a,LT-A2112 亿觅小蓓蕾充电台灯--MM,,,,UUID
eaedc39d-d778-484a-80f0-21042a51f293,eaedc39d-d778-484a-80f0-21042a51f293,LT-S3145亿觅桌面喷雾风扇-HelloKitty,,,,UUID
c854b841-4d2d-41be-acb7-22e33b994332,c854b841-4d2d-41be-acb7-22e33b994332,LT-S3162 亿觅手持喷雾风扇--巴库KU,,,,UUID
dc22e591-4c93-4fa9-adfc-ccd16d32cfa9,dc22e591-4c93-4fa9-adfc-ccd16d32cfa9,LT-S3162亿觅手持喷雾风扇--CN夏日,,,,UUID
fd5c3447-07e8-4aab-ae89-94f8058becbc,fd5c3447-07e8-4aab-ae89-94f8058becbc,LT-S3162亿觅手持喷雾风扇-大耳狗柠檬绿,,,,UUID
a558c066-e70e-44b2-9cab-236850b92ec3,a558c066-e70e-44b2-9cab-236850b92ec3,LX-10 亿觅心愿充电宝--CN,,,,UUID
8182b467-cb58-4b2e-9d25-de9ca3246ba0,8182b467-cb58-4b2e-9d25-de9ca3246ba0,LX-10 亿觅心愿充电宝--KU,,,,UUID
e69fd276-41a9-48a0-8f71-cdfce261a091,e69fd276-41a9-48a0-8f71-cdfce261a091,LY-001亿觅盲盒数据线-,,,,UUID
ac850435-3ace-4ce5-8fe4-beafcbdc2c2e,ac850435-3ace-4ce5-8fe4-beafcbdc2c2e,LY-001亿觅盲盒数据线（整盒）-,,,,UUID
564d2888-a614-4f58-9280-cfd877301f79,564d2888-a614-4f58-9280-cfd877301f79,LY-040亿觅三合一伸缩数据线-抱抱熊,,,,UUID
60e20a6e-8197-4f47-83b8-0f82511f1a2b,60e20a6e-8197-4f47-83b8-0f82511f1a2b,LY-040亿觅三合一伸缩数据线-樱花,,,,UUID
4fb1c48b-b534-4a8e-8d6f-79343b354ec8,4fb1c48b-b534-4a8e-8d6f-79343b354ec8,LY-040亿觅三合一伸缩数据线-甜心,,,,UUID
80b33be3-b705-42b3-9778-73934f66d3b5,80b33be3-b705-42b3-9778-73934f66d3b5,LY-048 亿觅三合一伸缩数据线-KT圣诞喵-,,,,UUID
57e1f67c-8a30-4643-8957-f406ede22303,57e1f67c-8a30-4643-8957-f406ede22303,LY-072 亿觅一拖三公仔伸缩充电线-CN,,,,UUID
51b227bb-21d1-4082-84fa-0085e6873111,51b227bb-21d1-4082-84fa-0085e6873111,LY-072 亿觅一拖三公仔伸缩充电线-KT,,,,UUID
67cc3515-bb87-495b-9d88-ce33b758a20a,67cc3515-bb87-495b-9d88-ce33b758a20a,LY-072 亿觅一拖三公仔伸缩充电线-KU,,,,UUID
cf0a7bcf-01cb-4008-8b9c-ea6a4dcd6fdd,cf0a7bcf-01cb-4008-8b9c-ea6a4dcd6fdd,M107亿觅智能桌面补水仪-Hello Kitty,,,,UUID
20c1b4e3-c25f-4b72-8158-ee163b1fc9c4,20c1b4e3-c25f-4b72-8158-ee163b1fc9c4,M28 暖宫腰带--KT,,,,UUID
e1242c7c-c9e3-4d27-9e4b-90c870b29598,e1242c7c-c9e3-4d27-9e4b-90c870b29598,M28 暖宫腰带--大耳狗,,,,UUID
c7c634ad-e35a-47b0-99c7-e3ab1ec1cb94,c7c634ad-e35a-47b0-99c7-e3ab1ec1cb94,M28 暖宫腰带--酷洛米,,,,UUID
f30c9720-7134-4923-9984-0efd80422814,f30c9720-7134-4923-9984-0efd80422814,M3-亿觅学生数码相机--KT,,,,UUID
3bd03276-8996-4ec6-9fc8-3a6e53499281,3bd03276-8996-4ec6-9fc8-3a6e53499281,M3-亿觅翻屏相机（大货版）,,,,UUID
ac77b2f0-ee70-4c73-badc-cad39c30c51b,ac77b2f0-ee70-4c73-badc-cad39c30c51b,M3-亿觅翻转相机--KITTY,,,,UUID
f319edf1-39e2-4f20-bd14-352f95ff226b,f319edf1-39e2-4f20-bd14-352f95ff226b,M3-翻转相机化妆包5件套-,,,,UUID
f86c9a5d-ba33-4706-8c8c-5e782aa5f33e,f86c9a5d-ba33-4706-8c8c-5e782aa5f33e,M3-翻转相机广角镜头-,,,,UUID
2dddb2be-1ea3-42d3-a9ea-8afd0e438507,2dddb2be-1ea3-42d3-a9ea-8afd0e438507,M318 亿觅迷你桌面补水仪-大耳狗,,,,UUID
09c54cf4-1c5b-4b8c-bc00-1515bad14664,09c54cf4-1c5b-4b8c-bc00-1515bad14664,M318 亿觅迷你桌面补水仪-酷洛米,,,,UUID
d42d150d-de72-47b7-ad97-0fbd551d29f8,d42d150d-de72-47b7-ad97-0fbd551d29f8,M5 亿觅复古儿童相机--CN,,,,UUID
0faf4f27-3c6b-4c0c-b6c8-ba14a9545dbe,0faf4f27-3c6b-4c0c-b6c8-ba14a9545dbe,M5 亿觅复古儿童相机--KT,,,,UUID
114f81f9-88f6-4906-acb8-9c879dcc0307,114f81f9-88f6-4906-acb8-9c879dcc0307,M500 亿觅便携式电动牙刷--KU,,,,UUID
5df56022-cc59-401f-8093-07c32012b948,5df56022-cc59-401f-8093-07c32012b948,M58 太空舱暖手袋--KU,,,,UUID
879f8bc2-c424-4119-860a-8d25b212004c,879f8bc2-c424-4119-860a-8d25b212004c,M8 亿觅儿童打印相机--CN,,,,UUID
e5b06539-cca1-4e07-8275-402b194cbe8d,e5b06539-cca1-4e07-8275-402b194cbe8d,M8 亿觅儿童打印相机--KU,,,,UUID
33a4f781-aeea-4e98-9a17-7769f45eb401,33a4f781-aeea-4e98-9a17-7769f45eb401,MAR-221 亿觅杯面加湿器-大耳狗-,,,,UUID
36fe99c0-2e28-43fe-81a9-07a37c210483,36fe99c0-2e28-43fe-81a9-07a37c210483,MMA01亿觅伸缩数据线-成品-kitty,,,,UUID
3538940f-a8a8-4111-9ac8-e4e92356c5c1,3538940f-a8a8-4111-9ac8-e4e92356c5c1,MMA03亿觅小夜灯充电器-成品-白,,,,UUID
b6f9eb85-585c-46e5-bc29-98c4d71957fb,b6f9eb85-585c-46e5-bc29-98c4d71957fb,MMA03小夜灯充电器-成品-升级版,,,,UUID
398f74b8-565b-4b1f-97e0-688be45a09b8,398f74b8-565b-4b1f-97e0-688be45a09b8,MMA10亿觅涡流风扇-成品-绿色,,,,UUID
20991668-87b8-4172-b15b-c603137581ce,20991668-87b8-4172-b15b-c603137581ce,MMF08亿觅儿童声波电动牙刷-hellokitty,,,,UUID
de2849ee-8de2-44fd-9172-0e72e64ed7ff,de2849ee-8de2-44fd-9172-0e72e64ed7ff,MMF08亿觅声波电动牙刷-成品-hellokitty,,,,UUID
6f54f0f1-c29d-41e4-8e50-952315d3abe7,6f54f0f1-c29d-41e4-8e50-952315d3abe7,MMF13亿觅萌宠光韵美妆镜-小粉熊,,,,UUID
03e5b6d7-d68c-4cee-bf57-f080204c20a9,03e5b6d7-d68c-4cee-bf57-f080204c20a9,MMP02亿觅印象暖手宝--酷洛米KU,,,,UUID
8f8fad2e-58c2-47c1-8319-facd09fd0414,8f8fad2e-58c2-47c1-8319-facd09fd0414,MMP02亿觅印象暖手宝-圣诞喵,,,,UUID
c834f560-817f-4760-b26a-8f6efb8e453a,c834f560-817f-4760-b26a-8f6efb8e453a,MMP02亿觅印象暖手宝-暖暖,,,,UUID
74051532-c5d9-407d-9804-d025f0201c2a,74051532-c5d9-407d-9804-d025f0201c2a,MMP07亿觅冰淇淋移动电源-成品-冲浪,,,,UUID
4e0a30e5-c557-46a5-b51e-6a8db0c15aa4,4e0a30e5-c557-46a5-b51e-6a8db0c15aa4,MMP14亿觅口袋数显移动电源-KT,,,,UUID
fab977b8-9641-431d-a841-6081630882cb,fab977b8-9641-431d-a841-6081630882cb,MMP15 亿觅FUN团暖手宝-粉-JK girl-,,,,UUID
7cb0209c-815d-4904-ae87-23f7a25de7ac,7cb0209c-815d-4904-ae87-23f7a25de7ac,MMP15 亿觅FUN团暖手宝-粉-抱抱熊-,,,,UUID
8b04f8ee-4b81-43a2-aee8-ad91d30e4d9a,8b04f8ee-4b81-43a2-aee8-ad91d30e4d9a,MMP15 亿觅FUN团暖手宝-粉-樱花-,,,,UUID
30b39829-e4b7-40bd-aca3-7aeb12d138d4,30b39829-e4b7-40bd-aca3-7aeb12d138d4,MMP15 亿觅FUN团暖手宝-红-和服-,,,,UUID
a793a802-4806-4ab1-a10d-cec9af2a38a3,a793a802-4806-4ab1-a10d-cec9af2a38a3,MMP15 亿觅FUN团暖手宝-蓝-大耳狗星星-,,,,UUID
d8daafe9-5b72-4ca4-bf74-edbe5e20ab05,d8daafe9-5b72-4ca4-bf74-edbe5e20ab05,MMP15亿觅饭团暖手宝-麋鹿-,,,,UUID
ae5c8358-1346-4c41-9e9d-f1483f82a3d2,ae5c8358-1346-4c41-9e9d-f1483f82a3d2,MMP16 亿觅饭团快充移动电源-大耳狗星星,,,,UUID
36f44497-e769-4f3e-b59d-80878c170d71,36f44497-e769-4f3e-b59d-80878c170d71,MMS13亿觅甜甜圈儿童挎包-Hello kitty,,,,UUID
576cee63-0ba5-452f-9a45-84efe11985c7,576cee63-0ba5-452f-9a45-84efe11985c7,MMU01亿觅萌宠美妆礼盒-成品-小粉熊,,,,UUID
838a4266-d94f-4f72-b6ef-dce971c5b39a,838a4266-d94f-4f72-b6ef-dce971c5b39a,MS02冲浪板音箱-成品-洛杉矶,,,,UUID
1cc65a7a-79b2-40f6-ad4a-b4f80ca59f1e,1cc65a7a-79b2-40f6-ad4a-b4f80ca59f1e,MS05赛伯坦音箱-成品-黑（英文版）,,,,UUID
7bf3b51a-4d23-482e-a8b1-3ad181585199,7bf3b51a-4d23-482e-a8b1-3ad181585199,P12 美乐蒂流沙音箱套装--MM（单唛）,,,,UUID
dd0c6e1b-1e65-4d28-82c0-6eb6d76be8ab,dd0c6e1b-1e65-4d28-82c0-6eb6d76be8ab,P12 美乐蒂流沙音箱套装--MM（双唛）,,,,UUID
9743aaac-1de5-4291-8f9e-3bfeeaa6ff19,9743aaac-1de5-4291-8f9e-3bfeeaa6ff19,P6 亿觅无线K歌套装--CN,,,,UUID
5545927f-3d18-404c-acb1-6773b1af0768,5545927f-3d18-404c-acb1-6773b1af0768,P6 亿觅无线K歌套装--KU双唛,,,,UUID
d03503e5-fd3f-490e-b1a8-ed5c1903ce68,d03503e5-fd3f-490e-b1a8-ed5c1903ce68,P6 亿觅无线K歌套装--MM单唛,,,,UUID
e7003766-9502-4bb3-b586-2f60a17cbde4,e7003766-9502-4bb3-b586-2f60a17cbde4,P6 亿觅无线K歌套装--芭比双唛款,,,,UUID
ebb8a32c-e4d1-4830-aedd-71ba4cdd7936,ebb8a32c-e4d1-4830-aedd-71ba4cdd7936,QD1 亿觅气垫手机支架--旋转木马CN,,,,UUID
de6f2456-669a-49b0-aa36-b5a58c5f0a6f,de6f2456-669a-49b0-aa36-b5a58c5f0a6f,QD1 亿觅气垫手机支架--旋转木马KT,,,,UUID
2a36c613-9c61-4767-b99c-5bec16d48ef5,2a36c613-9c61-4767-b99c-5bec16d48ef5,QD1 亿觅气垫手机支架--旋转木马KU,,,,UUID
cb8519b2-2ba7-4897-a53b-b8c418a4b28f,cb8519b2-2ba7-4897-a53b-b8c418a4b28f,QD1 亿觅气垫手机支架--爱心款CN,,,,UUID
e8f4a020-00c8-4608-94c1-268c71db314e,e8f4a020-00c8-4608-94c1-268c71db314e,QD1 亿觅气垫手机支架--爱心款KT,,,,UUID
dfb0974e-6cbe-4899-aabf-c0ec20516b4d,dfb0974e-6cbe-4899-aabf-c0ec20516b4d,QD1 亿觅气垫手机支架--爱心款KU,,,,UUID
eea1c38c-dbf1-40be-a7b7-21548835a55d,eea1c38c-dbf1-40be-a7b7-21548835a55d,S-TR-232G亿觅旅行快充充电器礼盒--大耳狗（Type-C款）,,,,UUID
34936d7b-2b86-441a-ba63-f4dd753a722b,34936d7b-2b86-441a-ba63-f4dd753a722b,S-TR-232G亿觅旅行快充充电器礼盒--大耳狗（苹果款）,,,,UUID
c1d80608-4ab5-40d0-8286-4406ef9a8e95,c1d80608-4ab5-40d0-8286-4406ef9a8e95,S-TR-232G亿觅旅行快充充电器礼盒--酷洛米（TPY-C口）,,,,UUID
a4e9d6e9-7992-47bd-8599-58b1e4860b20,a4e9d6e9-7992-47bd-8599-58b1e4860b20,S-TR-232G亿觅旅行快充充电器礼盒--酷洛米（苹果款）,,,,UUID
5dcef712-1105-47da-8934-828772ee1ba8,5dcef712-1105-47da-8934-828772ee1ba8,S1-猫福珊迪桌面招财摆件,,,,UUID
105c8b72-3f64-4f12-b1a3-a9c64d186ae6,105c8b72-3f64-4f12-b1a3-a9c64d186ae6,S1-猫福珊迪面招财摆件,,,,UUID
716548cc-1d18-4f1b-a350-5354c2c52326,716548cc-1d18-4f1b-a350-5354c2c52326,S2-鲨鱼猫钥匙扣,,,,UUID
1288e188-5bbe-4106-bc20-b4df674f0dfa,1288e188-5bbe-4106-bc20-b4df674f0dfa,S2-鲨鱼猫钥匙扣,,,,UUID
15b06bb1-b594-4063-be00-8d738107818d,15b06bb1-b594-4063-be00-8d738107818d,S300 亿觅声波电动牙刷--成人款-KU,,,,UUID
e1c6a83e-2ed1-4f07-adad-9923c21f63ee,e1c6a83e-2ed1-4f07-adad-9923c21f63ee,S300 亿觅声波电动牙刷-成人款-CN 0002,,,,UUID
54c7c300-6047-4851-94f1-ea69dd8611b4,54c7c300-6047-4851-94f1-ea69dd8611b4,S300 亿觅微笑美牙礼盒--成人无线KU,,,,UUID
977c7b58-cb4e-4680-a884-20ddc8d7cfe5,977c7b58-cb4e-4680-a884-20ddc8d7cfe5,S300 亿觅电动牙刷--芭比蝴蝶结款,,,,UUID
fcaf15ac-c3fb-4a9b-80f8-873429aca4c0,fcaf15ac-c3fb-4a9b-80f8-873429aca4c0,S301 亿觅声波电动牙刷--儿童款-CN 0003,,,,UUID
740abf09-ca92-448e-a0ec-e5edd283e730,740abf09-ca92-448e-a0ec-e5edd283e730,S301 亿觅声波电动牙刷--儿童款-KU,,,,UUID
16a7ba40-530c-44f6-9323-b3eac7519838,16a7ba40-530c-44f6-9323-b3eac7519838,S5 亿觅迷你手机相机--KU,,,,UUID
c3b729dd-5af4-4338-8eb0-410f24a564cd,c3b729dd-5af4-4338-8eb0-410f24a564cd,S5 亿觅迷你手机相机--手机壳版KU,,,,UUID
168a1a15-6e45-4a2d-b553-8275a9f28c38,168a1a15-6e45-4a2d-b553-8275a9f28c38,S5 亿觅迷你手机相机--手机壳版风火轮,,,,UUID
73841c6d-4797-428e-b20e-d7b94446a29d,73841c6d-4797-428e-b20e-d7b94446a29d,S5 亿觅迷你手机相机--风火轮,,,,UUID
a9abd3cf-670c-444f-a3cc-b38381c8a0d2,a9abd3cf-670c-444f-a3cc-b38381c8a0d2,S5手机相机--流沙手机壳KU,,,,UUID
bcbb9d66-dbbb-45ca-abb3-159a699a100a,bcbb9d66-dbbb-45ca-abb3-159a699a100a,SD90046 亿觅USB恒温杯垫套装-KT,,,,UUID
26012edb-ae81-4c41-84e6-803286b68504,26012edb-ae81-4c41-84e6-803286b68504,SD90046 亿觅USB恒温杯垫套装-大耳狗,,,,UUID
68389bb4-e1c2-45fc-8fa8-3b8e3eb9be95,68389bb4-e1c2-45fc-8fa8-3b8e3eb9be95,SD90046 亿觅USB恒温杯垫套装-酷洛米,,,,UUID
8bf106d2-3090-4cb1-8a35-eecec5ca0433,8bf106d2-3090-4cb1-8a35-eecec5ca0433,T1 冬日暖心礼盒套装-粉色,,,,UUID
cf052483-07bc-4971-b8ba-ca4b611a2b5b,cf052483-07bc-4971-b8ba-ca4b611a2b5b,T1 冬日暖心礼盒套装-蓝色,,,,UUID
2aac8b69-3bee-47ea-b4db-fa51f9e93944,2aac8b69-3bee-47ea-b4db-fa51f9e93944,T3 三丽鸥家族系列电动牙刷--CN,,,,UUID
4d775b3b-0859-43bb-a138-3265aae24c9c,4d775b3b-0859-43bb-a138-3265aae24c9c,UM-600耳机收纳包--粉色,,,,UUID
d1836214-ef18-426c-bbf5-ec2a183ea0b8,d1836214-ef18-426c-bbf5-ec2a183ea0b8,UM-600耳机收纳包--蓝色,,,,UUID
c75ad189-2fe5-4b9b-a9d8-00569badfeeb,c75ad189-2fe5-4b9b-a9d8-00569badfeeb,UM-600耳机收纳包--黑色,,,,UUID
cafa7a29-3393-43a0-86d4-cbca202a9880,cafa7a29-3393-43a0-86d4-cbca202a9880,UM600-头戴式耳机--暗夜灰Pro,,,,UUID
c0d39a30-72dd-4174-a49d-1bb97e49cdb2,c0d39a30-72dd-4174-a49d-1bb97e49cdb2,UM600-头戴式耳机--暗夜灰达人款,,,,UUID
08b6bf52-a5fc-41e1-8d90-95c504f08408,08b6bf52-a5fc-41e1-8d90-95c504f08408,UM600-头戴式耳机--海洋蓝Pro,,,,UUID
86559bdd-5a1b-45bc-8ee3-e4dca7970ed3,86559bdd-5a1b-45bc-8ee3-e4dca7970ed3,UM600-头戴式耳机--脉动粉Pro,,,,UUID
9e3a71fe-9021-463b-bd4c-e13ba94979aa,9e3a71fe-9021-463b-bd4c-e13ba94979aa,V22甜心云朵打印相机-KT,,,,UUID
1d5c7086-3817-4878-9280-e069505f0f3e,1d5c7086-3817-4878-9280-e069505f0f3e,V22甜心云朵打印相机-KU,,,,UUID
0fc1f26c-06b2-4cd4-9725-8d9a4cc80055,0fc1f26c-06b2-4cd4-9725-8d9a4cc80055,X1 亿觅香薰蜡烛礼盒--浓香,,,,UUID
f53620e2-0035-4eb2-98e9-d676382ab671,f53620e2-0035-4eb2-98e9-d676382ab671,X1 亿觅香薰蜡烛礼盒--淡香,,,,UUID
2dcf04fc-7f85-4c52-bd06-1ae95d5fbf5d,2dcf04fc-7f85-4c52-bd06-1ae95d5fbf5d,X11小单反儿童数码相机-Hello Kitty,,,,UUID
4df6a3b6-3a5a-44a2-8000-92dadac0686e,4df6a3b6-3a5a-44a2-8000-92dadac0686e,X11小单反儿童数码相机-大耳狗,,,,UUID
b191baaf-5c3a-4939-b883-1289770c2f90,b191baaf-5c3a-4939-b883-1289770c2f90,X12 亿觅2.0儿童单反相机-CN,,,,UUID
404f1bc7-5e0b-42f5-8753-61505a8e2300,404f1bc7-5e0b-42f5-8753-61505a8e2300,X12 亿觅2.0儿童单反相机-KT,,,,UUID
59e165c5-ead9-4708-a918-37ebe394446f,59e165c5-ead9-4708-a918-37ebe394446f,X12 亿觅2.0儿童单反相机-KU,,,,UUID
b5d1119f-168b-4169-9681-79f634f2e0fd,b5d1119f-168b-4169-9681-79f634f2e0fd,X17 亿觅儿童数码打印相机-CN,,,,UUID
480badf3-5231-45aa-b0e6-5dc7160d22be,480badf3-5231-45aa-b0e6-5dc7160d22be,X17 亿觅儿童数码打印相机-KU,,,,UUID
17f5bd19-c09c-41a9-b5e0-98921ab1fb5c,17f5bd19-c09c-41a9-b5e0-98921ab1fb5c,X17 亿觅儿童数码打印相机-粉-小彩虹,,,,UUID
2721453f-af9e-4a5d-83e5-3e69b5b8d51d,2721453f-af9e-4a5d-83e5-3e69b5b8d51d,X17 亿觅儿童数码打印相机-粉-魔法棒,,,,UUID
5aaa3e9a-7409-488a-86d5-62826534ce93,5aaa3e9a-7409-488a-86d5-62826534ce93,X17 亿觅儿童数码打印相机-绿-小恐龙,,,,UUID
080330d0-53f0-4a46-86b3-e0c7b8ef54e1,080330d0-53f0-4a46-86b3-e0c7b8ef54e1,X17 亿觅儿童数码打印相机-蓝-小企鹅,,,,UUID
86f09bd5-3c2d-4683-8132-61ee7542e944,86f09bd5-3c2d-4683-8132-61ee7542e944,X18 亿觅翻转相机-CN 0009-大耳狗,,,,UUID
e0acd8cd-ff54-4d12-adc2-713121a0f656,e0acd8cd-ff54-4d12-adc2-713121a0f656,X18 亿觅翻转相机-KT 0010-Hello Kitty,,,,UUID
e2f5582e-05f0-49a3-ac5a-a7827a250e01,e2f5582e-05f0-49a3-ac5a-a7827a250e01,X5 亿觅3.5寸宽屏儿童相机--KU,,,,UUID
da25bca4-b59e-435c-ab95-03e8b9091f34,da25bca4-b59e-435c-ab95-03e8b9091f34,X500 亿觅学生电动牙刷--KU,,,,UUID
836ecf9d-7e45-45b8-9058-e9651ba0b7c9,836ecf9d-7e45-45b8-9058-e9651ba0b7c9,X500 亿觅学生电动牙刷刷头--大耳狗款,,,,UUID
b962e236-40e4-4ef7-b844-d5d4db6172b4,b962e236-40e4-4ef7-b844-d5d4db6172b4,X500 亿觅学生电动牙刷刷头--酷洛米款,,,,UUID
ee11a48d-38c8-4c92-afb8-cd974c7c848e,ee11a48d-38c8-4c92-afb8-cd974c7c848e,X500 亿觅微笑美牙礼盒--学生直充KU,,,,UUID
ecc872fb-5444-4cfc-804f-c141f80172c6,ecc872fb-5444-4cfc-804f-c141f80172c6,X5B 亿觅木马儿童小相机--KU,,,,UUID
1cc80d96-bb07-42e2-93cf-d1a1697e8693,1cc80d96-bb07-42e2-93cf-d1a1697e8693,X5亿觅儿童数码相机-大耳狗,,,,UUID
d0f86e1f-ad0c-4e5b-95e6-ed97068814e3,d0f86e1f-ad0c-4e5b-95e6-ed97068814e3,X5亿觅儿童数码相机大耳狗,,,,UUID
e4379c20-9134-44c0-add9-350a8ed95d7d,e4379c20-9134-44c0-add9-350a8ed95d7d,X700粉粉甜心牙刷-KT,,,,UUID
4fc8bd3c-0591-41b2-b90b-014092fd7ee3,4fc8bd3c-0591-41b2-b90b-014092fd7ee3,X800 亿觅数显旅行牙刷,,,,UUID
2d9edc43-1730-4e09-a616-2cd8f707b257,2d9edc43-1730-4e09-a616-2cd8f707b257,X800 亿觅数显旅行牙刷礼盒,,,,UUID
c572ef9c-df48-4620-82e5-8c71f7f86120,c572ef9c-df48-4620-82e5-8c71f7f86120,X800亿觅数显旅行牙刷-刷头,,,,UUID
38c5b03b-5636-4291-8d5d-090a0cbd7221,38c5b03b-5636-4291-8d5d-090a0cbd7221,X9P亿觅儿童数码相机-Hello kitty,,,,UUID
625d56ae-daa6-4ec2-8cf8-47dc422bb4cc,625d56ae-daa6-4ec2-8cf8-47dc422bb4cc,X9P亿觅儿童数码相机Hello kitty-KT彩虹,,,,UUID
a2644127-604d-42c3-8061-dc9ea7824b90,a2644127-604d-42c3-8061-dc9ea7824b90,XMF04亿觅光韵美妆镜-成品-美少女战士,,,,UUID
1aa0d709-9019-43d2-b233-915a80ad4e63,1aa0d709-9019-43d2-b233-915a80ad4e63,Y8 亿觅字幕音箱K歌套装--单麦,,,,UUID
d0bc0e91-3cdf-4608-9b67-5d019e016221,d0bc0e91-3cdf-4608-9b67-5d019e016221,Z01 亿觅儿童相机支架-粉色,,,,UUID
f88d8c3c-7112-45ff-8fee-65ff027ca35b,f88d8c3c-7112-45ff-8fee-65ff027ca35b,ZGB-B400C1 亿觅智能咖啡杯--KU,,,,UUID
cf122232-e969-4ef5-83bb-3ad331f05b75,cf122232-e969-4ef5-83bb-3ad331f05b75,ZJ1 亿觅手机支架--CN,,,,UUID
f974cf1b-6a48-46d2-a2c0-df0731d691f5,f974cf1b-6a48-46d2-a2c0-df0731d691f5,ZJ1 亿觅手机支架--CN奶油款,,,,UUID
e19954cf-5882-42da-895e-5c8578ad4a1c,e19954cf-5882-42da-895e-5c8578ad4a1c,ZJ1 亿觅手机支架--KU,,,,UUID
fc1965eb-ac1c-414d-92dc-131b9a38ec48,fc1965eb-ac1c-414d-92dc-131b9a38ec48,ZJ1 手机支架--Victory Kiss甜蜜双排,,,,UUID
27f30d00-dd39-45a0-b8d2-2e5fac60f787,27f30d00-dd39-45a0-b8d2-2e5fac60f787,ZJ1 手机支架--大吉款,,,,UUID
863532b8-f5d2-4afa-97da-176400ca9b0c,863532b8-f5d2-4afa-97da-176400ca9b0c,ZJ1 手机支架--极限冲浪,,,,UUID
d4b5f7df-55c2-4933-9202-30c0ba12578b,d4b5f7df-55c2-4933-9202-30c0ba12578b,[已停用]X17 亿觅儿童数码打印相机蓝-小企鹅,,,,UUID
4c005a88-5fe6-461b-bc22-a000a5bbc8d5,4c005a88-5fe6-461b-bc22-a000a5bbc8d5,hello kitty防伪标-红色,,,,UUID
81918939-7b47-4d45-8be7-fc4dc6abf3e6,81918939-7b47-4d45-8be7-fc4dc6abf3e6,hello kitty防伪标-绿色,,,,UUID
5dbdcb09-a1fb-44bc-aca8-51617b9131d0,5dbdcb09-a1fb-44bc-aca8-51617b9131d0,hello kitty防伪标-金色,,,,UUID
56a49135-4dcd-4edd-884a-04b84326c47e,56a49135-4dcd-4edd-884a-04b84326c47e,x12 亿觅长镜头儿童相机-牛油果绿,,,,UUID
98c898d4-e62a-4299-8594-b31c48703d3d,98c898d4-e62a-4299-8594-b31c48703d3d,x12 亿觅长镜头儿童相机-麦芽棕,,,,UUID
53596451-3bf4-43db-8872-90e65db98d89,53596451-3bf4-43db-8872-90e65db98d89,yx1216亿觅小FUN包-甜点独角兽,,,,UUID
5921001e-9c22-42dd-95bd-11b90bd8aa06,5921001e-9c22-42dd-95bd-11b90bd8aa06,九木x卓大王海底奇遇兔崽支架数码相机-紫色,,,,UUID
efe41d5d-15d2-4842-a88c-99b13f9d011e,efe41d5d-15d2-4842-a88c-99b13f9d011e,亿觅三合一伸缩数据线-CN-大耳狗,,,,UUID
696fcb86-e56a-4f00-9de4-807073d0dd69,696fcb86-e56a-4f00-9de4-807073d0dd69,亿觅三合一伸缩数据线-KU-酷洛米,,,,UUID
9984356a-9435-4dc1-aa43-cc6dc62c920f,9984356a-9435-4dc1-aa43-cc6dc62c920f,亿觅儿童益智卡片学习机-CN-大耳狗,,,,UUID
7dc90ac1-747a-4245-951a-b99dfa722401,7dc90ac1-747a-4245-951a-b99dfa722401,亿觅儿童益智卡片学习机-KT-Hello Kitty,,,,UUID
db712a42-b604-4be0-b79b-f1358c6a67df,db712a42-b604-4be0-b79b-f1358c6a67df,亿觅儿童相机包-大耳狗-CN,,,,UUID
3b75726a-6d04-4f36-8ac3-2783d3e1ebec,3b75726a-6d04-4f36-8ac3-2783d3e1ebec,亿觅儿童麦克风-CN-大耳狗,,,,UUID
799c7c1b-9c05-4780-a9aa-0dc6c945f05b,799c7c1b-9c05-4780-a9aa-0dc6c945f05b,亿觅儿童麦克风-KU-酷洛米,,,,UUID
b93e2293-d0dc-43ae-9d1d-07a79e4bca78,b93e2293-d0dc-43ae-9d1d-07a79e4bca78,亿觅儿童麦克风-hello kitty-KT,,,,UUID
d677d337-5429-42f5-9187-0451675cd387,d677d337-5429-42f5-9187-0451675cd387,亿觅助眠小夜灯KT-抱抱熊-,,,,UUID
3c83a6ae-2d02-4a7e-8a2f-02c4d43d86d9,3c83a6ae-2d02-4a7e-8a2f-02c4d43d86d9,亿觅印象暖手宝-JK大耳狗-MMP02,,,,UUID
39b2c441-ad5b-4424-8082-01214ebf4e72,39b2c441-ad5b-4424-8082-01214ebf4e72,亿觅声波电动牙刷刷头--紫色儿童款,,,,UUID
c0ecd6f5-10e5-4958-97fe-62e4f11b7539,c0ecd6f5-10e5-4958-97fe-62e4f11b7539,亿觅声波电动牙刷刷头--蓝色成人款,,,,UUID
e57abb78-503c-45e5-b5ef-f9401d0b6522,e57abb78-503c-45e5-b5ef-f9401d0b6522,亿觅复古桌面风扇-CN草莓-CN,,,,UUID
59da68ad-0528-496e-b91e-9a941ce5c101,59da68ad-0528-496e-b91e-9a941ce5c101,亿觅复古桌面风扇-KU爱心-KU,,,,UUID
0076b2de-faec-4653-a358-5c7fb1d19ae0,0076b2de-faec-4653-a358-5c7fb1d19ae0,亿觅复古桌面风扇-抱抱熊-KT,,,,UUID
3cc2c1db-d8fa-415f-a076-cddb4041c258,3cc2c1db-d8fa-415f-a076-cddb4041c258,亿觅小夜灯-大耳狗星星-大耳狗,,,,UUID
6d374bd6-7ce9-4d57-912b-f521d8c5a79d,6d374bd6-7ce9-4d57-912b-f521d8c5a79d,亿觅小夜灯—酷洛米-ku,,,,UUID
468eb0e1-da52-419f-8a5f-e1b3b8ba2dca,468eb0e1-da52-419f-8a5f-e1b3b8ba2dca,亿觅户外折叠风扇-CN-CN,,,,UUID
100222d9-2b4c-4296-a1a1-8f0a0e6f6833,100222d9-2b4c-4296-a1a1-8f0a0e6f6833,亿觅户外折叠风扇-KT-KT,,,,UUID
d9f30459-3caa-450e-8fc3-c362cd674365,d9f30459-3caa-450e-8fc3-c362cd674365,亿觅户外折叠风扇-KU-KU,,,,UUID
59f7d1d2-f8c9-4b27-a481-51dcc4a8c1c0,59f7d1d2-f8c9-4b27-a481-51dcc4a8c1c0,亿觅拍拍小夜灯-CN (海外版爱你款),,,,UUID
da9d060b-2223-4ece-89f9-c21d9bf2d59e,da9d060b-2223-4ece-89f9-c21d9bf2d59e,亿觅无叶挂脖风扇-大耳狗-CN,,,,UUID
22b90535-93c8-4dbf-8d00-3f2c1ce165ea,22b90535-93c8-4dbf-8d00-3f2c1ce165ea,亿觅星愿储蓄罐小夜灯(普通款)-Hello Kitty,,,,UUID
d68e5d70-ed51-43a3-ae89-dc04aeede395,d68e5d70-ed51-43a3-ae89-dc04aeede395,亿觅星愿储蓄罐小夜灯（星愿款）-KT,,,,UUID
4caf0515-685d-4dde-aee7-36adf5ef5237,4caf0515-685d-4dde-aee7-36adf5ef5237,亿觅星愿储蓄罐小夜灯（星愿款）-KU,,,,UUID
2ecb6a06-b41c-4e8e-aec6-5f27c1495534,2ecb6a06-b41c-4e8e-aec6-5f27c1495534,亿觅星愿储蓄罐小夜灯（普通款）-CN,,,,UUID
95c0b349-dda6-4b89-8b68-19bd5fdca3c8,95c0b349-dda6-4b89-8b68-19bd5fdca3c8,亿觅星愿储蓄罐小夜灯（普通款）-KU,,,,UUID
11acad2d-98f2-442b-bacf-ccdee57c6fc3,11acad2d-98f2-442b-bacf-ccdee57c6fc3,亿觅泥瓦匠搭建玩具-Hello kitty,,,,UUID
e9bc4ecc-9224-4645-9284-5516ddfbec6c,e9bc4ecc-9224-4645-9284-5516ddfbec6c,亿觅泥瓦匠搭建玩具-咖啡厅-大耳狗,,,,UUID
fe543c77-df72-4682-99f3-2bb46206a7f9,fe543c77-df72-4682-99f3-2bb46206a7f9,亿觅磁吸夹子风扇-Hello Kitty（港）,,,,UUID
539b18d5-050d-4f21-b80d-63fcfa3ab566,539b18d5-050d-4f21-b80d-63fcfa3ab566,亿觅磁吸夹子风扇-大耳狗（港）,,,,UUID
dfd06fb5-b7ea-41c9-a351-89edb70f9078,dfd06fb5-b7ea-41c9-a351-89edb70f9078,亿觅磁吸夹子风扇-酷洛米（港）,,,,UUID
fa615625-e062-47a8-9a47-65708802ef68,fa615625-e062-47a8-9a47-65708802ef68,亿觅花园小台灯-Kitty,,,,UUID
dc00cf24-c948-4a6d-9efa-28af920d649a,dc00cf24-c948-4a6d-9efa-28af920d649a,亿觅饭团暖手宝-KU爱心款,,,,UUID
edb4ff68-d139-442e-a727-f3eab730f019,edb4ff68-d139-442e-a727-f3eab730f019,亿觅饭团暖手宝-泰迪兔,,,,UUID
06f4d9f5-f212-4bf0-8e07-958ca72ceb58,06f4d9f5-f212-4bf0-8e07-958ca72ceb58,内存卡-16G-内存卡,,,,UUID
fd34e813-2b66-49dd-9e5c-6724fff1a8af,fd34e813-2b66-49dd-9e5c-6724fff1a8af,内存卡-32G-内存卡,,,,UUID
31ef132d-c77d-436b-b168-87ef1147ce27,31ef132d-c77d-436b-b168-87ef1147ce27,凯蒂-粉色布袋-,,,,UUID
6e8cf55b-c910-444d-ad92-947258a75665,6e8cf55b-c910-444d-ad92-947258a75665,占卜灯配件-扑克牌卡片,,,,UUID
543b2fe8-f6d2-4359-96fa-c75d03f4464a,543b2fe8-f6d2-4359-96fa-c75d03f4464a,印记帆布袋-蓝色（皮带扣）,,,,UUID
50f28ed2-d6d2-41a0-86ac-b51bbe32a204,50f28ed2-d6d2-41a0-86ac-b51bbe32a204,大耳狗盲盒（单个）-,,,,UUID
88befba4-2659-457c-873c-45203248d347,88befba4-2659-457c-873c-45203248d347,天猫定制礼品袋-小恶魔,,,,UUID
16f38067-35e1-4fda-b856-a35188c7acd0,16f38067-35e1-4fda-b856-a35188c7acd0,定制-笔记本-成品-,,,,UUID
bcbd0771-b243-479e-b2d5-83120d6b7736,bcbd0771-b243-479e-b2d5-83120d6b7736,宝可梦投影灯-,,,,UUID
8a41366b-da89-4b0e-b75e-50b1437cc104,8a41366b-da89-4b0e-b75e-50b1437cc104,小恶魔礼品袋-自营定制,,,,UUID
34bdca57-8f10-45ef-a7da-876a2fbb5093,34bdca57-8f10-45ef-a7da-876a2fbb5093,小恶魔防伪标,,,,UUID
f4e5667d-7c2c-44e8-893b-848ce67cce5f,f4e5667d-7c2c-44e8-893b-848ce67cce5f,小招喵无线装订本套装-,,,,UUID
0982c26a-bfdc-4018-b429-1c219793b28a,0982c26a-bfdc-4018-b429-1c219793b28a,小蓓蕾台灯KT-平安喜乐铭牌,,,,UUID
4ec5f812-7a9e-4cb1-bd94-f212c28bc869,4ec5f812-7a9e-4cb1-bd94-f212c28bc869,小蓓蕾台灯KT-福气满满铭牌,,,,UUID
ecb9cacb-3dac-413b-8806-caacb221fcaf,ecb9cacb-3dac-413b-8806-caacb221fcaf,小蓓蕾台灯KT-红双喜铭牌,,,,UUID
e2be6a32-8a0d-46d9-b62a-5b5327a8bac7,e2be6a32-8a0d-46d9-b62a-5b5327a8bac7,小蓓蕾台灯卡扣带背胶,,,,UUID
a9ef9962-aa75-4978-9efd-4442e6a4c2e1,a9ef9962-aa75-4978-9efd-4442e6a4c2e1,小蓓蕾台灯铭牌—囍（20个装）,,,,UUID
33e6e294-fd18-48d7-9cb9-3f4353319744,33e6e294-fd18-48d7-9cb9-3f4353319744,小蓓蕾台灯铭牌—平安喜乐（20个装）,,,,UUID
2b56deeb-cc3f-4c56-a3f6-932320adf04d,2b56deeb-cc3f-4c56-a3f6-932320adf04d,小蓓蕾台灯铭牌—福气满满（20个装）,,,,UUID
dc413784-0625-4725-925b-17b3962ee04d,dc413784-0625-4725-925b-17b3962ee04d,成人声波电动牙刷-KT（蝴蝶）-KT,,,,UUID
5f9d6b10-72cd-443e-918b-e7a4a9c34ee3,5f9d6b10-72cd-443e-918b-e7a4a9c34ee3,成品-组装D17-亿觅复古旅行拍拍灯-Kitty,,,,UUID
7f71d6ad-142a-480a-9565-754e95675097,7f71d6ad-142a-480a-9565-754e95675097,无线充底座-紫色,,,,UUID
104ff4d1-dc4d-4a43-8edc-17dea1cf6aab,104ff4d1-dc4d-4a43-8edc-17dea1cf6aab,棒棒糖K歌麦克风—加油宇航员-,,,,UUID
bf8093d1-e130-4924-a84c-786666e3a533,bf8093d1-e130-4924-a84c-786666e3a533,棒棒糖K歌麦克风—泰迪草莓-,,,,UUID
57cf1cde-44e8-4359-a4ae-2e6e6653bb74,57cf1cde-44e8-4359-a4ae-2e6e6653bb74,泰迪相机-加油宇航员-,,,,UUID
a03d5cad-3f31-43d8-8ef4-658342d154b7,a03d5cad-3f31-43d8-8ef4-658342d154b7,泰迪相机-黄桃相机-,,,,UUID
36954715-b356-409a-a0f8-12e3403eb507,36954715-b356-409a-a0f8-12e3403eb507,牙刷硅胶套-大耳狗牙刷硅胶套,,,,UUID
4bd8b28d-25ee-409d-9c36-6eb17f4a512d,4bd8b28d-25ee-409d-9c36-6eb17f4a512d,绒布袋CN-大耳狗,,,,UUID
c6037962-6aae-445c-8c25-2f28f8d32d89,c6037962-6aae-445c-8c25-2f28f8d32d89,绒布袋KT-Hello Kitty,,,,UUID
bcd6bc45-09e9-4264-ac32-9bfbf9df3d92,bcd6bc45-09e9-4264-ac32-9bfbf9df3d92,芭比娃娃--公仔,,,,UUID
16cd135f-f101-4983-b48c-fe5a726821a9,16cd135f-f101-4983-b48c-fe5a726821a9,蛋糕拍拍灯--新款数据线,,,,UUID
364537f6-5fe5-449e-9d99-115fe7779fc0,364537f6-5fe5-449e-9d99-115fe7779fc0,读卡器--TPYC口,,,,UUID
1a7893e8-dc24-4f8e-a2c4-2750168710a0,1a7893e8-dc24-4f8e-a2c4-2750168710a0,读卡器--苹果口,,,,UUID
6b900b47-3470-40f5-bb8a-572cebe59f99,6b900b47-3470-40f5-bb8a-572cebe59f99,读卡器【旗舰店】-,,,,UUID
de2f755e-78b0-4c66-bf46-4f80868ad801,de2f755e-78b0-4c66-bf46-4f80868ad801,赠品粉色布套-大号-,,,,UUID
7aac867f-2d46-4871-99d8-e97744d28f36,7aac867f-2d46-4871-99d8-e97744d28f36,运费链接-,,,,UUID
05c5ec22-1d48-4918-a9a4-700688417617,05c5ec22-1d48-4918-a9a4-700688417617,迪士尼冰雪奇缘系列-魔法棒儿童相机,,,,UUID
8659691d-9dc3-47df-ae5c-f5a81001083d,8659691d-9dc3-47df-ae5c-f5a81001083d,迪士尼松松系列儿童相机--史迪奇,,,,UUID
4482ce30-d50c-4c33-be8e-fdaa4b508e82,4482ce30-d50c-4c33-be8e-fdaa4b508e82,迪士尼松松系列儿童相机--草莓熊,,,,UUID
2b429439-5ec4-4d80-97c8-0846ea170192,2b429439-5ec4-4d80-97c8-0846ea170192,迪士尼松松系列觅系列麦克风--草莓熊,,,,UUID
ae879360-e579-426a-9557-b2eafaaee732,ae879360-e579-426a-9557-b2eafaaee732,迪士尼趣玩系列儿童相机X5-背带米妮,,,,UUID
9c572b6f-97cd-42a9-b7b0-6020544d1005,9c572b6f-97cd-42a9-b7b0-6020544d1005,迪士尼趣玩系列儿童相机X5-趣玩维尼,,,,UUID
86b0e33a-8fea-4f23-afdd-73308860c699,86b0e33a-8fea-4f23-afdd-73308860c699,迪士尼趣玩系列儿童相机X5-趣玩草莓熊,,,,UUID
7035f1d0-05fb-4150-985e-b411c2db7825,7035f1d0-05fb-4150-985e-b411c2db7825,防伪标-亿觅防伪标,,,,UUID
EMIE211012btf,EMIE211012btf,"",成品 - 成品,EMIE,finished_good,other
EMEI20220811002,EMEI20220811002,"",成品 - 成品,EMIE,finished_good,other
6937215366,6937215366,CN (海外版爱你款),成品 - 成品,EMIE,finished_good,other
3622425387964971766,3622425387964971766,D02 亿觅大耳狗拍拍灯--爱心发声款,,,,other
3629821298202520671,3629821298202520671,D06 亿觅旅途音乐小夜灯--白噪音版CN,,,,other
3662331925047182083,3662331925047182083,D07 亿觅蛋糕拍拍灯--酷洛米,,,,other
3751912954145144929,3751912954145144929,LT-A2112 亿觅小蓓蕾充电台灯--MM,,,,other
3762678893132251186,3762678893132251186,M3-亿觅学生数码相机--KT,,,,other
3675863046254886991,3675863046254886991,M5 亿觅复古儿童相机--CN,,,,other
3629620360338660842,3629620360338660842,MMF08亿觅儿童声波电动牙刷-hellokitty,,,,other
680520001211585,680520001211585,P6 亿觅无线K歌套装--KU双唛,,,,other
1.10.56.233,1.10.56.233,S2-鲨鱼猫钥匙扣,,,,other
3734428292523098251,3734428292523098251,S300 亿觅声波电动牙刷--成人款-KU,,,,other
3685833213609115668,3685833213609115668,S5 亿觅迷你手机相机--手机壳版KU,,,,other
3744259311753363700,3744259311753363700,T3 三丽鸥家族系列电动牙刷--CN,,,,other
3724418370901246139,3724418370901246139,X5B 亿觅木马儿童小相机--KU,,,,other
3662331068184459742,3662331068184459742,ZGB-B400C1 亿觅智能咖啡杯--KU,,,,other
3629792738809135426,3629792738809135426,ZJ1 亿觅手机支架--CN奶油款,,,,other
3681595942924058766,3681595942924058766,亿觅声波电动牙刷刷头--紫色儿童款,,,,other
6955631312449_218584775779,6955631312449_218584775779,小企鹅,成品 - 成品,EMIE,finished_good,other
1.10.321,1.10.321,成品-组装D17-亿觅复古旅行拍拍灯-Kitty,,,,other
